-0.0021536400000000001,-0.0028836199999999999,0.00075891800000000003,0.00050000000000000001
-0.0028713300000000001,-0.00223719,0.00049999599999999995,0.00050000000000000001
-0.0023711000000000001,-0.00278634,0.0001,0.0001
-0.0027616799999999999,-0.0028593199999999998,0.0001,0.0001
-0.0024709100000000002,-0.0020380200000000002,9.9999899999999998e-05,0.0001
-0.0025727100000000002,-0.0027924899999999999,0.0001,0.0001
-0.0024635199999999999,-0.00296371,0.0001,0.0001
-0.0028618799999999998,-0.0026850899999999998,0.0001,0.0001
-0.00219134,-0.0026766400000000001,0.00018922000000000001,0.0001
-0.0020976800000000002,-0.0028291800000000001,9.9999899999999998e-05,0.0001
-0.0024667999999999999,-0.0024278699999999999,9.9999899999999998e-05,0.0001
-0.0023467499999999999,-0.0025878300000000002,9.9999899999999998e-05,0.0001
-0.00242413,-0.0022324699999999999,0.0001,0.0001
-0.0022592799999999998,-0.0023457199999999999,9.9999899999999998e-05,0.0001
-0.0027296199999999999,-0.00205287,0.0010531099999999999,0.0001
-0.00232204,-0.0021229700000000001,0.00028730500000000001,0.0001
-0.0023361100000000002,-0.00245481,0.00024897800000000001,0.0001
-0.0020555500000000002,-0.0021529700000000001,0.000379472,0.0001
-0.0022567400000000001,-0.00295042,0.0001,0.0001
-0.0021613499999999998,-0.0022248900000000002,0.00022573600000000001,0.0001
-0.0021389600000000001,-0.00250548,9.9999899999999998e-05,0.0001
-0.00225544,-0.0021010400000000002,9.9999899999999998e-05,0.0001
-0.00291303,-0.0021580800000000002,0.00109329,0.0001
-0.0025814900000000001,-0.00259267,0.0001,0.0001
-0.0020556699999999999,-0.0021107700000000001,9.9999899999999998e-05,0.0001
-0.0020455,-0.0023286600000000002,9.9999899999999998e-05,0.0001
-0.0020281800000000001,-0.00254411,0.00026197299999999998,0.0001
-0.00214941,-0.0020270900000000001,0.00025559500000000001,0.0001
-0.0019415000000000001,-0.00221463,0.00022719299999999999,0.0001
-0.00153137,-0.0026191999999999999,0.00027039799999999998,0.0001
-0.0019660900000000002,-0.0027272300000000002,0.00021086100000000001,0.0001
-0.00159472,-0.00298299,0.00095317399999999999,0.0001
-0.0016168599999999999,-0.00283212,9.9999899999999998e-05,0.0001
-0.0018023900000000001,-0.00275743,9.9999899999999998e-05,0.0001
-0.0019193299999999999,-0.00291968,0.0001,0.0001
-0.0014659,-0.0027009299999999998,9.9999899999999998e-05,0.0001
-0.0018916,-0.00257836,9.9999899999999998e-05,0.0001
-0.0013449099999999999,-0.0025834299999999998,0.00020749900000000001,0.0001
-0.0015390099999999999,-0.0025147699999999999,9.9999899999999998e-05,0.0001
-0.00123959,-0.0024517100000000002,9.9999899999999998e-05,0.0001
-0.00172463,-0.0026167400000000002,0.000218996,0.0001
-0.00173021,-0.0024560900000000002,9.9999899999999998e-05,0.0001
-0.00139807,-0.00229539,9.9999899999999998e-05,0.0001
-0.0015977700000000001,-0.0023062199999999999,9.9999899999999998e-05,0.0001
-0.0018940199999999999,-0.0024075699999999999,0.000204045,0.0001
-0.0014931199999999999,-0.0023892900000000001,0.00024882300000000001,0.0001
-0.00168626,-0.0022312999999999999,0.00026296300000000001,0.0001
-0.00179645,-0.0022673799999999998,9.9999899999999998e-05,0.0001
-0.0016640100000000001,-0.00211751,9.9999899999999998e-05,0.0001
-0.0014643,-0.0021066700000000002,9.9999800000000004e-05,0.0001
-0.00185914,-0.0020736600000000002,9.9999899999999998e-05,0.0001
-0.0019502,-0.0020142099999999998,0.00026784699999999999,0.0001
-0.00085795700000000001,-0.0025751699999999999,0.0001,0.0001
-0.00061862699999999996,-0.0023273299999999999,0.0001,0.0001
-0.00076567099999999999,-0.0029134,0.0001,0.0001
-0.00049882300000000002,-0.0020770699999999999,0.0001,0.0001
-0.00099908099999999997,-0.00204938,0.000474549,0.00050000000000000001
-0.00032056000000000001,-0.00276794,0.00048890999999999995,0.00050000000000000001
-0.0026031100000000001,-0.0018770200000000001,0.0001,0.0001
-0.0026146400000000001,-0.0011808000000000001,0.00048291000000000002,0.00050000000000000001
-0.0020784100000000002,-0.0010782000000000001,0.0001,0.0001
-0.0023850500000000001,-0.00158164,9.9999899999999998e-05,0.0001
-0.00223595,-0.0014453300000000001,9.9999800000000004e-05,0.0001
-0.0024563200000000001,-0.00189277,0.000236708,0.0001
-0.0021472100000000001,-0.0012660200000000001,0.0001,0.0001
-0.0024058,-0.00170272,0.00027318299999999998,0.0001
-0.0022659099999999999,-0.00184563,0.00027573099999999998,0.0001
-0.0026018,-0.0017576099999999999,0.00026051399999999999,0.0001
-0.0027510199999999999,-0.00170294,0.00074515699999999998,0.0001
-0.0023542099999999998,-0.0017884400000000001,9.9999899999999998e-05,0.0001
-0.0021925199999999999,-0.00154838,0.000265813,0.0001
-0.0025760100000000001,-0.00164112,9.9999899999999998e-05,0.0001
-0.0022009999999999998,-0.00165989,9.9999899999999998e-05,0.0001
-0.0020855800000000001,-0.00178261,0.00020778800000000001,0.0001
-0.0020651900000000002,-0.0018904900000000001,0.00037495699999999998,0.0001
-0.00219556,-0.0019102100000000001,9.9999899999999998e-05,0.0001
-0.00205265,-0.0015253300000000001,9.9999899999999998e-05,0.0001
-0.0020337599999999999,-0.00131836,0.00042240700000000002,0.0001
-0.0020032000000000001,-0.00161246,0.00027309699999999998,0.0001
-0.0028321700000000002,-0.0016637900000000001,0.0001,0.0001
-0.00192143,-0.00175231,0.00039038700000000001,0.0001
-0.00198782,-0.00141333,0.000252499,0.0001
-0.00194312,-0.0016926700000000001,9.9999899999999998e-05,0.0001
-0.0019729000000000001,-0.00190785,9.9999899999999998e-05,0.0001
-0.00184067,-0.0018165,0.00021904499999999999,0.0001
-0.0014456200000000001,-0.0019068500000000001,9.9999800000000004e-05,0.0001
-0.0015779800000000001,-0.00198817,0.000225975,0.0001
-0.0013449099999999999,-0.00154382,0.00016286100000000001,0.0001
-0.00171451,-0.00139393,0.00026335200000000001,0.0001
-0.0015932400000000001,-0.00179518,0.00017574999999999999,0.0001
-0.00174321,-0.00168669,9.9999899999999998e-05,0.0001
-0.00129901,-0.0012232199999999999,0.00027198199999999999,0.0001
-0.00144411,-0.00170213,0.00027115,0.0001
-0.0016702100000000001,-0.00150048,9.9999899999999998e-05,0.0001
-0.00134815,-0.00141255,0.00031371600000000002,0.0001
-0.0015462799999999999,-0.00126063,9.9999899999999998e-05,0.0001
-0.0018623299999999999,-0.0014448799999999999,9.9999899999999998e-05,0.0001
-0.0013522300000000001,-0.0013540900000000001,9.9999899999999998e-05,0.0001
-0.0017236,-0.0019265899999999999,9.9999899999999998e-05,0.0001
-0.00151548,-0.0016272000000000001,9.9999899999999998e-05,0.0001
-0.0017452800000000001,-0.0012827100000000001,9.9999899999999998e-05,0.0001
-0.00123463,-0.0014979100000000001,0.00045451600000000002,0.0001
-0.00137535,-0.00115544,9.9999899999999998e-05,0.0001
-0.0019470500000000001,-0.0012629200000000001,0.0001,0.0001
-0.0011509999999999999,-0.0016059399999999999,9.9999899999999998e-05,0.0001
-0.00109548,-0.0014103500000000001,9.9999899999999998e-05,0.0001
-0.00150917,-0.0014317500000000001,0.00019664300000000001,0.0001
-0.00134556,-0.00173368,9.9999800000000004e-05,0.0001
-0.00117234,-0.0014942099999999999,0.00026449699999999999,0.0001
-0.00119165,-0.0012348700000000001,9.9999899999999998e-05,0.0001
-0.00132029,-0.0012957299999999999,0.000473647,0.0001
-0.0016117499999999999,-0.0015869199999999999,0.00027061700000000001,0.0001
-0.0018096200000000001,-0.00156916,0.00024757000000000002,0.0001
-0.0012545,-0.00107504,0.00081086500000000002,0.0001
-0.0011015700000000001,-0.00107486,0.00097217500000000004,0.0001
-0.00120444,-0.00103528,0.0001,0.0001
-0.00045384199999999998,-0.00184403,0.0001,0.0001
-0.00077394200000000001,-0.0016345699999999999,0.0001,0.0001
-0.00095753199999999998,-0.00155518,0.0001,0.0001
-5.4233000000000001e-05,-0.0018123600000000001,0.00054744600000000004,0.00050000000000000001
-0.00075078099999999995,-0.0011073400000000001,0.00048648499999999999,0.00050000000000000001
-0.00061154299999999998,-0.0016505599999999999,0.00069984799999999998,0.0001
-0.00050396100000000004,-0.0014980600000000001,0.0001,0.0001
-0.00058387200000000004,-0.0018006299999999999,0.00082912800000000005,0.0001
-0.00057802199999999998,-0.0016872199999999999,0.0001,0.0001
-0.0026331100000000001,-0.000400608,0.0001,0.0001
-0.0022213100000000002,-0.00093826599999999999,0.0001,0.0001
-0.0025127499999999998,-0.00073025,9.9999899999999998e-05,0.0001
-0.00220324,-1.5421400000000001e-05,9.9999899999999998e-05,0.0001
-0.00239201,-8.1490399999999995e-05,9.9999899999999998e-05,0.0001
-0.0026853799999999998,-0.00059727700000000001,9.9999899999999998e-05,0.0001
-0.0021475499999999998,-0.00075230200000000005,0.0001,0.0001
-0.0024404800000000001,-0.00046205600000000002,9.9999899999999998e-05,0.0001
-0.00247241,-0.00026462099999999999,9.9999899999999998e-05,0.0001
-0.0020664400000000001,-0.00031042400000000001,9.9999899999999998e-05,0.0001
-0.0020552700000000001,-0.00054263499999999997,0.0001,0.0001
-0.0028256599999999998,-0.00045471599999999997,0.0001,0.0001
-0.0023332499999999998,-0.00064205700000000002,9.9999899999999998e-05,0.0001
-0.0026621100000000001,-0.00020125399999999999,0.0001,0.0001
-0.0022404999999999999,-0.00046486200000000002,9.9999899999999998e-05,0.0001
-0.0029303599999999999,-0.00084360499999999998,9.9999899999999998e-05,0.0001
-0.0022724300000000002,-0.00026742699999999999,9.9999899999999998e-05,0.0001
-0.0028781599999999998,-0.00065053599999999995,0.0001,0.0001
-0.0020291799999999998,-0.000113925,9.9999899999999998e-05,0.0001
-0.00217016,-0.000160006,0.00023416800000000001,0.0001
-0.0025348900000000001,-0.00058044900000000003,0.00023065,0.0001
-0.00285425,-0.00025677000000000002,9.9999899999999998e-05,0.0001
-0.0021914600000000001,-0.00060340000000000003,0.00023565599999999999,0.0001
-0.0021794399999999999,-0.00035837599999999999,0.000257898,0.0001
-0.0027805,-4.0061700000000003e-05,9.9999899999999998e-05,0.0001
-0.0029112399999999998,-0.00011647299999999999,0.000230647,0.0001
-0.0025817100000000001,-1.8125300000000001e-05,0.0001,0.0001
-0.00237149,-0.00019971400000000001,0.00026000699999999998,0.0001
-0.0018593100000000001,-0.000219502,9.9999899999999998e-05,0.0001
-0.0015022900000000001,-0.00041184300000000001,0.0001,0.0001
-0.00189657,-0.00041599999999999997,9.9999899999999998e-05,0.0001
-0.0016950699999999999,-0.00082738600000000005,0.00048750300000000002,0.00050000000000000001
-0.0011625299999999999,-0.00091006699999999997,0.00087663499999999996,0.0001
-0.0011599500000000001,-0.00075588200000000004,0.00074927700000000002,0.0001
-0.00123711,-0.00083796300000000005,0.0001,0.0001
-0.0012784000000000001,-0.00069432800000000002,0.00089820700000000004,0.0001
-0.0013402100000000001,-0.00096233199999999999,0.00095211299999999998,0.0001
-0.0017027800000000001,-0.00036375399999999999,0.0001,0.0001
-0.0014120300000000001,-0.00078657300000000005,0.00101497,0.0001
-0.0015625400000000001,-0.00022113100000000001,0.0001,0.0001
-0.0011784499999999999,-0.00079482100000000003,0.00103932,0.0001
-0.00133153,-0.00030772800000000001,0.0001,0.0001
-0.0013907100000000001,-0.000116685,0.0001,0.0001
-0.0010030099999999999,-0.00080829399999999998,0.00094140599999999999,0.0001
-0.0013391200000000001,-0.00052748900000000002,0.0001,0.0001
-0.00117855,-0.00064672799999999995,0.0001,0.0001
-0.0011653799999999999,-0.00019234499999999999,0.0001,0.0001
-0.00116522,-0.00041882699999999998,0.0001,0.0001
-0.00154583,-0.000928296,0.0010598199999999999,0.0001
-0.0010298499999999999,-4.51193e-05,0.0001,0.0001
-0.00028697400000000001,-0.00095918399999999997,0.0001,0.0001
-0.000911797,-0.000220905,0.000859829,0.00050000000000000001
-0.00043288700000000002,-0.000776241,0.0001,0.0001
-0.000236777,-0.00073691399999999997,0.0001,0.0001
-7.0990199999999997e-05,-0.00044639899999999999,0.0001,0.0001
-0.00027739600000000001,-0.0009798649999999999,0.00083239900000000005,0.0001
-0.00033459599999999999,-0.00075398000000000001,0.00073533599999999995,0.0001
-0.00037023699999999999,-2.34587e-05,0.0010263500000000001,0.0001
-0.00050092799999999999,-0.00065203600000000004,0.00078693700000000003,0.0001
-0.00099103899999999998,-0.00071630000000000001,0.0001,0.0001
-0.00043006400000000002,-0.00081436799999999999,0.00090037899999999998,0.0001
-0.00060999800000000005,-0.00073405400000000004,0.00093463400000000005,0.0001
-0.00023057700000000001,-0.00079772299999999997,0.00090046199999999999,0.0001
-0.00099043999999999998,-0.00051629599999999996,0.0001,0.0001
-0.00048209499999999998,-0.00056208500000000004,0.0001,0.0001
-0.00055703800000000004,-0.00031329699999999998,0.0001,0.0001
-0.000331732,-0.00036005500000000002,0.00079531600000000001,0.0001
-0.00034241099999999998,-0.00019331400000000001,0.0001,0.0001
-0.00083490699999999997,-0.000194131,0.0001,0.0001
-7.0441899999999994e-05,-0.00079890799999999997,0.00102027,0.0001
-0.00049324600000000003,-0.00061097300000000001,0.0010405600000000001,0.0001
-0.000694547,-0.00060170500000000001,0.0001,0.0001
-0.00015297299999999999,-0.00022494600000000001,0.00103994,0.0001
-0.00099381800000000005,-0.00031558999999999998,0.0001,0.0001
-0.00081088099999999995,-0.00042689799999999999,0.0001,0.0001
-0.00016478099999999999,-0.00060912399999999995,0.00089040400000000002,0.0001
-0.00035033900000000002,-0.00021730499999999999,0.00107138,0.0001
-0.000323865,-0.00055930499999999996,0.00077990299999999998,0.0001
-0.00094309999999999999,-0.00097250199999999998,0.0010386,0.0001
-9.1984799999999994e-05,-0.00044513700000000002,0.00080203700000000002,0.0001
-0.00033103899999999999,-0.00072664599999999995,0.0010581200000000001,0.0001
-0.00037604799999999997,-0.00047440200000000002,0.00095330499999999999,0.0001
-0.000811001,-0.00079646199999999995,0.00099612000000000008,0.0001
-0.000232699,-0.00055155099999999995,0.00106949,0.0001
-0.000674578,-0.00072496699999999997,0.0011237,0.0001
-0.000606648,-0.00010712100000000001,0.0001,0.0001
-0.0022723299999999999,-0.00213547,0.0014326600000000001,0.00050000000000000001
-0.0028930100000000001,-0.0029047000000000001,0.0013990999999999999,0.00050000000000000001
-0.00232943,-0.00271974,0.00130868,0.0001
-0.0028470800000000001,-0.0023066300000000001,0.00141339,0.0001
-0.00213226,-0.0027332300000000001,0.0013393700000000001,0.0001
-0.0028533600000000001,-0.0021541300000000002,0.00128414,0.0001
-0.0028646100000000001,-0.0020889300000000001,0.00151654,0.0001
-0.0028877099999999999,-0.0022667500000000001,0.00160512,0.0001
-0.0027534,-0.00239391,0.0016812299999999999,0.0001
-0.00259619,-0.0025240000000000002,0.0017554199999999999,0.0001
-0.0027007799999999998,-0.00227122,0.0018301599999999999,0.0001
-0.0022468000000000002,-0.00284278,0.0014613499999999999,0.0001
-0.0028019299999999998,-0.0025069100000000002,0.00183895,0.0001
-0.00237338,-0.0022221300000000001,0.0020177099999999998,0.0001
-0.0027974100000000002,-0.0021327500000000001,0.00172298,0.0001
-0.00232467,-0.0029907100000000002,0.0015711399999999999,0.0001
-0.0026354600000000001,-0.0024822199999999998,0.00194702,0.0001
-0.0022810500000000002,-0.0027096400000000001,0.0016066100000000001,0.0001
-0.0024161500000000002,-0.0027743400000000001,0.00173913,0.0001
-0.0023905799999999998,-0.0025883500000000001,0.00180806,0.0001
-0.0026662299999999999,-0.0023579299999999998,0.0021006599999999999,0.0001
-0.0020952200000000001,-0.0027007300000000001,0.0015332099999999999,0.0001
-0.0025606100000000001,-0.0026951700000000002,0.00185254,0.0001
-0.0024426399999999998,-0.0024341900000000001,0.00192436,0.0001
-0.00202725,-0.0026143,0.0017014599999999999,0.0001
-0.0022728100000000001,-0.0023883400000000001,0.00206522,0.0001
-0.0022999700000000001,-0.0029855699999999999,0.0013318,0.0001
-0.0024773799999999999,-0.0023223599999999999,0.0021560500000000001,0.0001
-0.0021731900000000002,-0.0021158000000000001,0.0020240900000000001,0.0001
-0.0022663499999999999,-0.0025724300000000001,0.00214313,0.0001
-0.0022715600000000002,-0.0021819299999999999,0.0021851700000000002,0.0001
-0.0026228100000000002,-0.0026592600000000001,0.0020392100000000001,0.0001
-0.00244093,-0.0025091800000000002,0.0022174500000000002,0.0001
-0.0023110100000000001,-0.0023631899999999998,0.0022599400000000002,0.0001
-0.00200504,-0.0029207199999999999,0.0014248399999999999,0.0001
-0.00179131,-0.0027352499999999998,0.0016205,0.0001
-0.00187302,-0.00255573,0.00158738,0.0001
-0.00191285,-0.0026967100000000002,0.00145122,0.0001
-0.001802,-0.0028642099999999998,0.0014679999999999999,0.0001
-0.00189156,-0.00281956,0.00129484,0.0001
-0.0019740000000000001,-0.0026308199999999999,0.0012725499999999999,0.0001
-0.00139094,-0.00249424,0.00123529,0.00050000000000000001
-0.0016848799999999999,-0.00242866,0.0021779600000000001,0.00050000000000000001
-0.0013583099999999999,-0.0029176599999999999,0.0020587100000000001,0.0001
-0.0016864200000000001,-0.00200666,0.0014222799999999999,0.0001
-0.00169352,-0.00211612,0.0015895200000000001,0.0001
-0.00045267799999999998,-0.0022533000000000002,0.0013509800000000001,0.00050000000000000001
-0.0020408000000000002,-0.0019786700000000001,0.0019635199999999998,0.0001
-0.0028000500000000001,-0.0019475300000000001,0.0016475800000000001,0.0001
-0.0021858400000000001,-0.00184177,0.00194867,0.0001
-0.0027093299999999998,-0.0017745300000000001,0.0022340300000000001,0.00050000000000000001
-0.00226516,-0.0011566599999999999,0.0016147100000000001,0.00050000000000000001
-0.0021229299999999999,-0.0017022300000000001,0.0018199399999999999,0.0001
-0.00187674,-0.0019642599999999998,0.0018500400000000001,0.0001
-0.00182799,-0.0018132700000000001,0.0017282899999999999,0.0001
-0.00163109,-0.0019551899999999999,0.00169053,0.0001
-0.0016421299999999999,-0.0017556799999999999,0.00168202,0.0001
-0.0015181400000000001,-0.00198642,0.0015284599999999999,0.0001
-0.00140274,-0.0018692299999999999,0.00164225,0.0001
-0.00196123,-0.00166548,0.00170812,0.0001
-0.00174848,-0.0018690200000000001,0.0015534399999999999,0.0001
-0.00181072,-0.0015467300000000001,0.0016511399999999999,0.0001
-0.00193406,-0.0016461399999999999,0.00151092,0.0001
-0.0013137400000000001,-0.00130653,0.00170561,0.0001
-0.00146367,-0.0015136500000000001,0.00116281,0.00050000000000000001
-0.00094935600000000005,-0.00168826,0.0019911,0.00050000000000000001
-0.00028455800000000002,-0.0012834400000000001,0.0013498900000000001,0.00050000000000000001
-0.00028611899999999999,-0.00178229,0.00168326,0.0001
-0.00066486500000000005,-0.00119378,0.00180522,0.0001
-0.000117316,-0.00181167,0.0015801000000000001,0.0001
-9.7132299999999998e-05,-0.00181566,0.0011459,0.0001
-0.00051547500000000005,-0.0012831699999999999,0.0019036700000000001,0.0001
-0.000378322,-0.00165755,0.0018094999999999999,0.0001
-0.00284681,-0.00036870700000000002,0.00138127,0.00050000000000000001
-0.0018708100000000001,-0.00031368999999999999,0.0013091699999999999,0.00050000000000000001
-0.0010592500000000001,-0.00076494499999999995,0.0016618399999999999,0.00050000000000000001
-0.0018035799999999999,-0.00056948000000000003,0.0022701700000000002,0.00050000000000000001
-0.0013291100000000001,-6.0435700000000001e-05,0.0012599499999999999,0.0001
-0.00027093100000000003,-0.00069268699999999999,0.0012458199999999999,0.0001
-0.00040998400000000001,-0.000552773,0.00121284,0.0001
-0.00060732500000000003,-0.000574505,0.00123701,0.0001
-0.00048738600000000003,-0.00074121699999999996,0.0011922199999999999,0.0001
-0.00031075200000000002,-0.00031471100000000002,0.0013421500000000001,0.0001
-0.00076121000000000001,-0.000247228,0.00160589,0.0001
-0.00047900299999999998,-0.00036844299999999998,0.00124832,0.0001
-2.59049e-05,-0.00016106200000000001,0.00181499,0.0001
-0.00256098,-0.0026270600000000001,0.0023255900000000002,0.0001
-0.00241494,-0.0026389400000000002,0.0024617200000000001,0.0001
-0.00203762,-0.00295524,0.00266081,0.0001
-0.0022870199999999999,-0.00254484,0.0023401400000000001,0.0001
-0.0026023000000000001,-0.0024116699999999999,0.0022841799999999998,0.0001
-0.0020374199999999999,-0.0020744499999999998,0.0025099900000000001,0.0001
-0.0021251199999999999,-0.0020080599999999999,0.0026770299999999999,0.0001
-0.00216643,-0.0026573199999999999,0.0024532999999999998,0.0001
-0.0020373600000000002,-0.0026577300000000001,0.0026060800000000002,0.0001
-0.0019736900000000002,-0.0028272100000000001,0.0025211000000000001,0.0001
-0.0018379,-0.0029484300000000001,0.00243568,0.0001
-0.0014252100000000001,-0.0029483299999999999,0.0023280200000000001,0.0001
-0.0010852500000000001,-0.00206354,0.0028885299999999998,0.00050000000000000001
-0.0014660599999999999,-0.00290917,0.0032108699999999998,0.00050000000000000001
-0.00164014,-0.002075,0.0026605800000000001,0.0001
-0.0016371199999999999,-0.0022538900000000001,0.0027499500000000001,0.0001
-0.00111247,-0.0024450700000000001,0.0033508100000000001,0.0001
-0.0016654899999999999,-0.0029056300000000002,0.0025414399999999998,0.0001
-0.0018094599999999999,-0.0028004800000000002,0.0026320699999999998,0.0001
-0.00125968,-0.0025499099999999999,0.00258355,0.0001
-0.0010624,-0.0026613399999999999,0.0028425799999999999,0.0001
-0.00178108,-0.0020494300000000001,0.0028001599999999999,0.0001
-0.00146966,-0.00287938,0.0025104200000000002,0.0001
-0.0013552799999999999,-0.0027301299999999999,0.0025785600000000001,0.0001
-0.0014224299999999999,-0.0025822000000000002,0.00269521,0.0001
-0.00188704,-0.0021020800000000001,0.00263891,0.0001
-0.0016044799999999999,-0.0025346399999999999,0.0027630200000000001,0.0001
-0.00065548799999999997,-0.0024301599999999998,0.00268629,0.0001
-0.00019060999999999999,-0.0021206200000000001,0.0024670299999999998,0.00050000000000000001
-0.00035638800000000002,-0.0025173600000000002,0.0033654100000000001,0.00050000000000000001
-0.00082839800000000005,-0.0028874600000000001,0.00233848,0.00050000000000000001
-0.00025778800000000001,-0.0027133299999999999,0.00240237,0.0001
-0.00093507200000000001,-0.00236045,0.0033878300000000001,0.0001
-0.0025349700000000001,-0.00161291,0.0031993099999999999,0.00050000000000000001
-0.0022077899999999998,-0.00197028,0.0024988699999999998,0.0001
-0.0022869700000000001,-0.0018662100000000001,0.0026502100000000001,0.0001
-0.0019883399999999999,-0.00137912,0.00328014,0.0001
-0.0015318599999999999,-0.0016871500000000001,0.0030258899999999998,0.0001
-0.0015776200000000001,-0.0014989300000000001,0.00307566,0.0001
-0.0014197599999999999,-0.00143772,0.0029692,0.0001
-0.00129674,-0.0015054599999999999,0.0028268099999999999,0.0001
-0.0019188,-0.0013573000000000001,0.0030938900000000002,0.0001
-0.00163126,-0.0011879900000000001,0.0029915900000000001,0.0001
-0.0018151599999999999,-0.0015173400000000001,0.00252499,0.00050000000000000001
-0.0017081900000000001,-0.0013444900000000001,0.0030895100000000002,0.0001
-0.0015111,-0.0013108200000000001,0.0030939299999999999,0.0001
-0.0016711199999999999,-0.0019396699999999999,0.0029261000000000001,0.0001
-0.00078633900000000005,-0.00197583,0.0034013300000000002,0.0001
-0.000632016,-0.0019921100000000001,0.0032751600000000001,0.0001
-9.2260099999999994e-05,-0.0019899100000000001,0.0033064499999999998,0.0001
-0.000351787,-0.00146703,0.0031992600000000002,0.00050000000000000001
-0.000847517,-0.0017678699999999999,0.0033533600000000001,0.0001
-0.00289076,-0.00074704199999999995,0.0028618099999999998,0.00050000000000000001
-0.00260729,-9.8722899999999996e-06,0.0022758600000000002,0.00050000000000000001
-0.0019944300000000002,-0.00078045499999999999,0.00324062,0.00050000000000000001
-0.00110066,-0.00093952,0.0028622399999999998,0.00050000000000000001
-0.0013404599999999999,-5.4514900000000002e-05,0.0032309600000000002,0.00050000000000000001
-0.000392906,-0.00034907200000000002,0.0032133800000000001,0.00050000000000000001
-0.00085519700000000003,-0.000119471,0.0023725199999999999,0.00050000000000000001
-0.00015887599999999999,-0.000899726,0.0031687199999999999,0.0001
-0.00053643600000000005,-0.00091229600000000005,0.0030644800000000001,0.0001
-0.0026768,-0.0028897699999999998,0.0040549699999999998,0.00050000000000000001
-0.0020963499999999999,-0.0028043500000000002,0.0041805899999999997,0.0001
-0.00192494,-0.0022452700000000002,0.0040462600000000003,0.00050000000000000001
-0.0010301799999999999,-0.0026630899999999999,0.00406325,0.00050000000000000001
-0.0016142299999999999,-0.0027419300000000001,0.0041758300000000002,0.0001
-0.00016114100000000001,-0.0020963100000000001,0.0040049400000000002,0.0001
-0.00069006799999999995,-0.0021789600000000002,0.0037316699999999999,0.0001
-0.00059231500000000005,-0.0022999600000000002,0.00387244,0.0001
-0.00052076399999999995,-0.0028694100000000002,0.0038226000000000002,0.0001
-0.00024639200000000001,-0.00240843,0.0039451,0.0001
-0.00057026799999999997,-0.0020331199999999998,0.0036478399999999999,0.0001
-0.00047951599999999998,-0.0024539100000000001,0.0039491999999999999,0.0001
-0.00053283200000000001,-0.0022161199999999998,0.0040439999999999999,0.0001
-0.00088669400000000005,-0.00233701,0.0035804700000000001,0.0001
-0.000850967,-0.0021834300000000001,0.0034277399999999999,0.0001
-0.000438894,-0.0021160300000000001,0.00380373,0.0001
-7.3764500000000002e-05,-0.00212788,0.0037237799999999999,0.0001
-0.00082518499999999998,-0.0021327300000000002,0.0038716900000000001,0.0001
-0.000393657,-0.0022767799999999999,0.0039138000000000003,0.0001
-0.000247562,-0.0021634599999999999,0.00383754,0.0001
-0.00088560899999999998,-0.0021645800000000001,0.0036817899999999999,0.0001
-0.00061362600000000004,-0.00210305,0.0039001700000000001,0.0001
-3.4543099999999998e-05,-0.0020263099999999999,0.0034944500000000001,0.0001
-0.00074514299999999998,-0.0020834,0.0035648300000000002,0.0001
-0.00034194500000000002,-0.0020272900000000002,0.0039544899999999997,0.0001
-0.00029220199999999998,-0.0020211299999999999,0.00369652,0.0001
-0.00095765300000000004,-0.0020098199999999998,0.0037859899999999999,0.0001
-0.0028816499999999999,-0.00193827,0.00406662,0.00050000000000000001
-0.00216059,-0.00128677,0.0040637599999999996,0.00050000000000000001
-0.0023175499999999998,-0.0018370299999999999,0.0042442399999999998,0.0001
-0.0011391699999999999,-0.0010670600000000001,0.0042857199999999998,0.0001
-0.0015561100000000001,-0.00178221,0.0041439399999999996,0.0001
-0.0017116,-0.0016847699999999999,0.0040643900000000002,0.0001
-0.0017048600000000001,-0.00154535,0.0043560600000000001,0.0001
-0.0012812699999999999,-0.0015153600000000001,0.00368214,0.00050000000000000001
-0.00177282,-0.0017032799999999999,0.0042538899999999998,0.0001
-0.001627,-0.0015389100000000001,0.0041719499999999998,0.0001
-0.00163755,-0.00135714,0.0043492000000000001,0.0001
-0.0015699900000000001,-0.0013108799999999999,0.0041667300000000004,0.0001
-0.00192684,-0.00174336,0.0043750200000000003,0.0001
-0.0014030399999999999,-0.0013786600000000001,0.0042535300000000002,0.0001
-0.00140694,-0.00119527,0.00417382,0.0001
-0.0013239199999999999,-0.0011211400000000001,0.0043399900000000002,0.0001
-0.00161476,-0.00114449,0.0042682600000000003,0.0001
-0.00146474,-0.0016331799999999999,0.0042411200000000001,0.0001
-0.00111819,-0.00110764,0.00409101,0.0001
-0.0012145700000000001,-0.0012368500000000001,0.0042093900000000004,0.0001
-0.0010256600000000001,-0.00129455,0.0041780300000000001,0.0001
-0.00097290600000000005,-0.0019855300000000001,0.0034727400000000002,0.0001
-0.00094231999999999996,-0.00192176,0.0039649100000000003,0.0001
-0.00015564299999999999,-0.0019858300000000001,0.0038383200000000001,0.0001
-0.000751011,-0.0019790200000000002,0.0039759499999999998,0.0001
-0.00071681200000000005,-0.0019856399999999999,0.00377539,0.0001
-0.000576192,-0.0018821700000000001,0.0039683000000000001,0.0001
-0.00082966699999999997,-0.00149756,0.0040767800000000003,0.0001
-0.000488562,-0.0019225900000000001,0.0037931200000000001,0.0001
-0.00059196300000000004,-0.0019510300000000001,0.0034667500000000002,0.0001
-3.5152299999999999e-05,-0.0018285899999999999,0.0038108199999999999,0.0001
-0.00073354900000000001,-0.0018166600000000001,0.0035103000000000001,0.0001
-0.00038254100000000002,-0.0015004700000000001,0.0037975399999999999,0.0001
-0.00068627800000000002,-0.0014393400000000001,0.0036966,0.0001
-0.00058675700000000003,-0.00164756,0.0039677699999999998,0.0001
-0.00041687099999999997,-0.0017487500000000001,0.003725,0.0001
-0.00021919299999999999,-0.0019547900000000001,0.0035225399999999998,0.0001
-0.00056982599999999995,-0.0018299600000000001,0.0036243999999999998,0.0001
-0.000702734,-0.0016692499999999999,0.0036419199999999999,0.0001
-0.00041525299999999998,-0.00194225,0.0035600100000000002,0.0001
-0.000184055,-0.0015072600000000001,0.00377393,0.0001
-0.00030891300000000002,-0.0018581800000000001,0.00385294,0.0001
-0.00078468400000000001,-0.00167173,0.00398936,0.0001
-0.00084587599999999996,-0.00192549,0.0036349500000000001,0.0001
-0.00079782200000000001,-0.00182329,0.00385952,0.0001
-0.000188801,-0.00170112,0.00382286,0.0001
-0.00061273600000000001,-0.0017666299999999999,0.0038091900000000001,0.0001
-0.000235441,-0.00156241,0.0039591799999999996,0.0001
-0.00071358299999999995,-0.0015229,0.0038762499999999999,0.0001
-0.000236827,-0.00182084,0.00367001,0.0001
-2.0756000000000001e-06,-0.0018255400000000001,0.0035296699999999999,0.0001
-0.00039735600000000002,-0.00166742,0.0039066700000000001,0.0001
-0.00055836000000000004,-0.0015833500000000001,0.0037504399999999999,0.0001
-5.5814299999999999e-05,-0.0016844200000000001,0.0036737599999999999,0.0001
-0.0020057500000000002,-0.00073483299999999995,0.0042409400000000003,0.0001
-0.0024099400000000002,-0.00033293899999999998,0.0040535399999999996,0.00050000000000000001
-0.0026020499999999998,-0.00089159799999999996,0.0041583799999999997,0.0001
-0.0014496999999999999,-0.00060891700000000005,0.0040539699999999996,0.00050000000000000001
-0.00190102,-0.00084276999999999996,0.0043727699999999998,0.0001
-0.0010383300000000001,-0.000914276,0.0043662700000000002,0.0001
-0.00087765499999999997,-0.00051044600000000001,0.0042058399999999998,0.0001
-0.000534491,-0.00097607900000000003,0.0040463900000000004,0.00050000000000000001
-0.00096887999999999998,-0.00040743799999999998,0.00435098,0.0001
-0.00072666799999999998,-0.00048626700000000003,0.0043347500000000001,0.0001
-0.00092844499999999996,-0.00064001599999999998,0.0043494700000000002,0.0001
-0.0025278700000000002,0.00074805599999999998,0.00048564099999999998,0.00050000000000000001
-0.00204082,0.00052708699999999998,9.9999899999999998e-05,0.0001
-0.0023662100000000001,0.000317771,0.0001,0.0001
-0.0027592300000000001,0.00033687399999999997,0.0001,0.0001
-0.0020366300000000002,0.00060653699999999998,0.00079973200000000005,0.0001
-0.00206879,0.00072512,0.0001,0.0001
-0.0027001,0.000143067,9.9999899999999998e-05,0.0001
-0.0021760500000000001,0.000379737,0.0001,0.0001
-0.0020276299999999999,0.00086187000000000004,0.000796775,0.0001
-0.0029795199999999998,0.00066262899999999997,9.9999800000000004e-05,0.0001
-0.00211933,0.00073874399999999995,0.00092496199999999998,0.0001
-0.0025642500000000001,0.000289845,9.9999899999999998e-05,0.0001
-0.0021564800000000001,0.00097692400000000011,0.00089757300000000003,0.0001
-0.00281643,0.000211795,0.00024745600000000001,0.0001
-0.0029004600000000001,0.00047887,9.9999899999999998e-05,0.0001
-0.0022174600000000001,0.000184072,0.0001,0.0001
-0.00240895,0.000122166,0.0001,0.0001
-0.0029089599999999999,0.00011332600000000001,9.9999899999999998e-05,0.0001
-0.0029612800000000002,0.00034949200000000002,0.000239862,0.0001
-0.0019047000000000001,0.00083946599999999998,0.0001,0.0001
-0.00180157,0.00072131500000000004,0.000792196,0.0001
-0.0019555499999999999,0.00072995899999999997,0.00066485199999999996,0.0001
-0.0012865800000000001,0.00087171600000000003,0.00081331299999999997,0.0001
-0.00183245,0.00065297300000000005,0.0001,0.0001
-0.0017085500000000001,0.00021250800000000001,0.000488121,0.00050000000000000001
-0.0011911599999999999,0.000303734,0.00077793399999999998,0.0001
-0.00131266,0.00067441799999999998,0.00083314000000000001,0.0001
-0.00128236,0.00047738099999999998,0.00081706200000000002,0.0001
-0.00155371,0.00065318500000000003,0.0001,0.0001
-0.00140267,0.00070046699999999997,0.00065645299999999998,0.0001
-0.00155277,0.000708043,0.00078841600000000001,0.0001
-0.0013333399999999999,0.00065215200000000003,0.0001,0.0001
-0.0013540900000000001,0.00087061799999999998,0.0001,0.0001
-0.0012442499999999999,0.00023635600000000001,0.0001,0.0001
-0.0012759500000000001,0.00044079600000000003,0.0001,0.0001
-0.0010581399999999999,0.000153647,0.0001,0.0001
-0.0012335,3.6245999999999998e-05,0.0001,0.0001
-0.00083129600000000003,0.00067616499999999995,0.00047496499999999999,0.00050000000000000001
-2.8411999999999998e-05,9.4489700000000004e-05,0.00054755299999999999,0.00050000000000000001
-0.000285603,0.00040198799999999999,0.0001,0.0001
-0.00061207799999999995,0.00020728200000000001,0.0001,0.0001
-6.1287599999999999e-05,0.00049439500000000001,0.0001,0.0001
-0.00037190500000000001,0.00058264899999999997,0.0001,0.0001
-0.00028341299999999999,0.000612398,0.00071109500000000002,0.0001
-0.000251687,0.00079179300000000005,0.0001,0.0001
-0.00035660999999999999,0.00075218500000000005,0.00083398299999999995,0.0001
-0.00041442600000000002,0.000247855,0.0001,0.0001
-0.000385201,0.00048656200000000001,0.000828588,0.0001
-0.00086129900000000005,0.00020817200000000001,0.0001,0.0001
-0.00083024100000000001,1.03108e-05,0.0001,0.0001
-0.0020674000000000001,0.00101676,0.0001,0.0001
-0.0029022900000000001,0.0010146899999999999,9.9999800000000004e-05,0.0001
-0.0028693099999999999,0.0017589299999999999,9.9991399999999999e-05,0.0001
-0.0026538600000000001,0.0012864199999999999,0.00023830499999999999,0.0001
-0.00253273,0.00120768,9.9999899999999998e-05,0.0001
-0.0026081500000000001,0.00162926,0.0001,0.0001
-0.0021754399999999998,0.00113594,0.00077776699999999995,0.0001
-0.0027529299999999998,0.0016782800000000001,0.00068303500000000002,0.00050000000000000001
-0.0020956400000000002,0.00175191,9.9999899999999998e-05,0.0001
-0.0024346400000000001,0.0015297799999999999,9.9999899999999998e-05,0.0001
-0.0024804200000000001,0.0017847500000000001,9.9999899999999998e-05,0.0001
-0.0023337000000000002,0.00116468,0.0001,0.0001
-0.0022967500000000002,0.0013612400000000001,9.9999899999999998e-05,0.0001
-0.0020329699999999998,0.0014717899999999999,9.9999899999999998e-05,0.0001
-0.0022189599999999999,0.0015454900000000001,9.9999899999999998e-05,0.0001
-0.00230219,0.00192563,9.9999899999999998e-05,0.0001
-0.00231833,0.00133311,0.00033773100000000002,0.0001
-0.0026778399999999999,0.0018167299999999999,9.9999899999999998e-05,0.0001
-0.00255185,0.0019720499999999999,0.0001,0.0001
-0.0029785499999999999,0.00113995,0.000543174,0.0001
-0.00220418,0.0011946400000000001,0.00024944499999999999,0.0001
-0.0021636300000000002,0.00141358,0.000239783,0.0001
-0.0021049900000000002,0.0012831100000000001,9.9999899999999998e-05,0.0001
-0.0023348900000000001,0.0012526200000000001,0.00074673299999999997,0.0001
-0.00278758,0.0015409099999999999,9.9999600000000004e-05,0.0001
-0.0020319299999999999,0.0016190899999999999,0.00023527899999999999,0.0001
-0.0024904900000000002,0.00118304,0.00089720800000000003,0.0001
-0.0027274700000000001,0.0011621100000000001,9.9999800000000004e-05,0.0001
-0.00262283,0.00142752,9.9999899999999998e-05,0.0001
-0.0024660900000000002,0.00136338,0.00020639200000000001,0.0001
-0.0029453499999999998,0.00109877,0.00073605399999999998,0.0001
-0.0028450900000000002,0.00120695,0.00025541700000000002,0.0001
-0.0022934100000000001,0.00118691,0.00093101900000000005,0.0001
-0.0022913999999999999,0.0017288099999999999,0.00013383500000000001,0.0001
-0.0029820799999999998,0.0015891200000000001,0.0001,0.0001
-0.0028135999999999999,0.0013426099999999999,9.9999899999999998e-05,0.0001
-0.0023632900000000001,0.00156924,0.0011260700000000001,0.0001
-0.00232994,0.0015807200000000001,0.00026261200000000001,0.0001
-0.0028025900000000002,0.0011121499999999999,0.00087547500000000002,0.0001
-0.0029701300000000001,0.0013597100000000001,0.000223317,0.0001
-0.0029716999999999999,0.0012022599999999999,0.0001,0.0001
-0.0028478900000000001,0.0019582200000000001,0.0001,0.0001
-0.00106763,0.0012097,0.00061455199999999998,0.0001
-0.0018848199999999999,0.00161155,9.9999899999999998e-05,0.0001
-0.00171528,0.0017176400000000001,9.9999899999999998e-05,0.0001
-0.0010981000000000001,0.0011739000000000001,0.00027230599999999999,0.0001
-0.00165479,0.00121933,0.000491468,0.00050000000000000001
-0.0015252600000000001,0.00165519,9.9999499999999997e-05,0.0001
-0.0013457499999999999,0.0017177900000000001,0.00029066399999999999,0.0001
-0.0010950999999999999,0.0016472500000000001,0.00040617700000000002,0.0001
-0.001539,0.0017637499999999999,0.00026740999999999999,0.0001
-0.00158019,0.0018651200000000001,9.9999400000000003e-05,0.0001
-0.0012519899999999999,0.0014302799999999999,9.9999899999999998e-05,0.0001
-0.00116526,0.0012500600000000001,9.9999800000000004e-05,0.0001
-0.00139018,0.0018026800000000001,9.9999899999999998e-05,0.0001
-0.0013309400000000001,0.00161283,0.00012107,0.0001
-0.00120728,0.0015523500000000001,0.00027049399999999998,0.0001
-0.0011271,0.0016194600000000001,9.9999800000000004e-05,0.0001
-0.0012033899999999999,0.0017903999999999999,0.00017040600000000001,0.0001
-0.0014564599999999999,0.00178397,0.000448455,0.0001
-0.0010520200000000001,0.0014340900000000001,9.9999899999999998e-05,0.0001
-0.00108332,0.0019340200000000001,9.9999899999999998e-05,0.0001
-0.0010052100000000001,0.0015433000000000001,0.00026087499999999998,0.0001
-0.0010175200000000001,0.0017420000000000001,0.000241723,0.0001
-0.00110479,0.0014417799999999999,0.000401913,0.0001
-0.00113886,0.0018625,0.00034544099999999999,0.0001
-0.00128995,0.0019757500000000001,9.9999899999999998e-05,0.0001
-0.0010225500000000001,0.00110381,0.0001,0.0001
-0.00142354,0.0019264600000000001,0.00025351900000000001,0.0001
-0.00131427,0.0019219,0.00042096899999999999,0.0001
-0.001276,0.0016951900000000001,0.00047674000000000002,0.0001
-0.00140095,0.0018774099999999999,0.00061634500000000002,0.0001
-0.00110578,0.00180018,0.00053462699999999998,0.0001
-0.00121806,0.0019549900000000002,0.00059316000000000002,0.0001
-0.0010186100000000001,0.0019675199999999999,0.00060095000000000005,0.0001
-0.00095634300000000002,0.00150526,0.00051995000000000003,0.0001
-0.00099270499999999998,0.0013438300000000001,0.00026833500000000003,0.0001
-0.00093406499999999998,0.00183705,0.00043530400000000002,0.0001
-0.00096857499999999995,0.0012596300000000001,0.00044813399999999999,0.0001
-0.00089433899999999996,0.00164588,0.00039196800000000003,0.0001
-0.00082070600000000004,0.00124205,0.00027580999999999998,0.0001
-0.00084069600000000004,0.0014030799999999999,0.000392727,0.0001
-0.00096835200000000001,0.00193457,0.00026409099999999999,0.0001
-0.00080681999999999998,0.00176669,0.00025875600000000001,0.0001
-0.00067903600000000005,0.00168622,0.000389887,0.0001
-0.00090917500000000002,0.00183242,9.9999899999999998e-05,0.0001
-0.00091069399999999998,0.0012735699999999999,9.9999899999999998e-05,0.0001
-0.00042763099999999999,0.0016988699999999999,0.00026478299999999999,0.0001
-0.00068376500000000002,0.0013234,9.9999899999999998e-05,0.0001
-0.00076226600000000005,0.00113945,9.9999899999999998e-05,0.0001
-0.000234918,0.00171375,0.000213253,0.0001
-0.00054832100000000005,0.0014705600000000001,9.9999899999999998e-05,0.0001
-0.00054089700000000004,0.00171166,0.0001,0.0001
-0.00072769999999999996,0.00164021,9.9999899999999998e-05,0.0001
-0.00092757899999999999,0.0016332600000000001,9.9999800000000004e-05,0.0001
-0.00083215000000000003,0.0014575,9.9999899999999998e-05,0.0001
-0.000359145,0.00140566,9.9999899999999998e-05,0.0001
-0.00036320299999999999,0.0016056099999999999,9.9999899999999998e-05,0.0001
-0.00015962100000000001,0.0013918699999999999,9.9999899999999998e-05,0.0001
-0.000441163,0.0011268000000000001,0.000240719,0.0001
-0.00063027199999999997,0.0011919000000000001,0.000240876,0.0001
-0.00049458900000000003,0.0012585000000000001,9.9999899999999998e-05,0.0001
-0.000126909,0.0015892199999999999,9.9999899999999998e-05,0.0001
-0.00056865599999999996,0.00106401,9.9999699999999997e-05,0.0001
-0.00025123099999999998,0.00150844,0.00023423300000000001,0.0001
-0.00046200899999999999,0.0013644200000000001,0.00026648999999999998,0.0001
-0.000113545,0.00187145,0.00023320400000000001,0.0001
-0.00077108299999999999,0.0015454100000000001,0.00027067399999999999,0.0001
-0.00036762299999999997,0.0018115399999999999,9.9999899999999998e-05,0.0001
-0.000302336,0.00120094,0.0001,0.0001
-0.00065896200000000002,0.0013818299999999999,0.000296593,0.0001
-0.00070927100000000003,0.00183936,9.9999899999999998e-05,0.0001
-0.00057177200000000001,0.0015607500000000001,0.00027696099999999999,0.0001
-0.00039813899999999999,0.0015237899999999999,0.00036907500000000001,0.0001
-0.0023987800000000001,0.0021007700000000001,0.0001,0.0001
-0.00295641,0.0026257899999999998,0.00048942799999999998,0.00050000000000000001
-0.00265095,0.0021666599999999999,0.0001,0.0001
-0.00258435,0.0023613699999999998,9.9999899999999998e-05,0.0001
-0.0023937699999999999,0.0023007100000000001,9.9999899999999998e-05,0.0001
-0.00250599,0.0025469899999999998,0.0001,0.0001
-0.0020634500000000001,0.0025492800000000001,0.000932868,0.0001
-0.0029294999999999998,0.0021408199999999999,0.0001,0.0001
-0.0023010600000000002,0.0024779200000000002,0.0001,0.0001
-0.0021281899999999999,0.0025784900000000001,9.9999899999999998e-05,0.0001
-0.0025271899999999999,0.0027810999999999999,9.9999800000000004e-05,0.0001
-0.00234849,0.0026722199999999999,0.0001,0.0001
-0.0023491499999999999,0.00287222,9.9999899999999998e-05,0.0001
-0.0021756200000000001,0.0027727899999999998,0.0001,0.0001
-0.0026500600000000001,0.00296416,9.9999899999999998e-05,0.0001
-0.0020684100000000001,0.00294692,0.0001,0.0001
-0.00148036,0.0020413599999999999,9.9999899999999998e-05,0.0001
-0.00108147,0.00213401,9.9999899999999998e-05,0.0001
-0.0018104799999999999,0.00261693,9.9999899999999998e-05,0.0001
-0.0019179399999999999,0.0021728400000000001,0.00048889300000000001,0.00050000000000000001
-0.00124496,0.0028924200000000001,0.00048185300000000002,0.00050000000000000001
-0.0019834800000000001,0.0027172799999999999,9.9999899999999998e-05,0.0001
-0.0010706100000000001,0.00246371,9.9999800000000004e-05,0.0001
-0.0011382499999999999,0.0021849500000000002,0.00051416799999999996,0.0001
-0.0015098500000000001,0.0024360200000000001,9.9999899999999998e-05,0.0001
-0.0012741300000000001,0.0024304800000000001,0.0001,0.0001
-0.00161064,0.0026087599999999999,9.9999899999999998e-05,0.0001
-0.00186093,0.0026106599999999999,0.00089517500000000001,0.0001
-0.0012812699999999999,0.0022640099999999999,0.00037877100000000002,0.0001
-0.00114836,0.00230124,0.00018694800000000001,0.0001
-0.0013215900000000001,0.0021071200000000001,0.00049607199999999996,0.0001
-0.00173912,0.0026826799999999998,0.00074982499999999997,0.0001
-0.00146612,0.00224085,9.9999899999999998e-05,0.0001
-0.00136174,0.0021158499999999998,0.00027118999999999998,0.0001
-0.00133348,0.00229269,0.00056969400000000004,0.0001
-0.0012771600000000001,0.00217534,9.9999800000000004e-05,0.0001
-0.00139394,0.00235951,0.000243914,0.0001
-0.00117055,0.00203491,0.00024914400000000003,0.0001
-0.00108997,0.0023223300000000001,0.00037707000000000002,0.0001
-0.0017005900000000001,0.0027874000000000002,0.0001,0.0001
-0.0010572800000000001,0.0020314299999999999,0.00041478899999999999,0.0001
-0.0016661499999999999,0.0027954400000000002,0.00089801699999999998,0.0001
-0.00170301,0.00298738,0.0001,0.0001
-0.00187499,0.00288529,0.0001,0.0001
-0.0013602099999999999,0.0020601700000000001,0.00068661500000000001,0.0001
-0.00140215,0.0023609400000000002,0.00074470000000000005,0.0001
-0.00107982,0.0023355099999999998,0.00063213699999999996,0.0001
-0.0015332099999999999,0.00249081,0.00082188300000000003,0.0001
-0.0012041300000000001,0.0021841400000000002,0.00070300400000000002,0.0001
-0.00144016,0.0021374200000000001,0.00085286800000000001,0.0001
-0.0015147299999999999,0.00231329,0.00091212200000000002,0.0001
-0.00167577,0.0024062799999999998,0.00098574600000000002,0.0001
-0.0012053700000000001,0.00236622,0.00078572699999999995,0.0001
-0.0019000899999999999,0.00245699,0.0010170400000000001,0.0001
-0.0016641900000000001,0.00259771,0.00092873399999999996,0.0001
-0.0014981,0.0027717100000000001,0.00101228,0.0001
-0.0017754800000000001,0.0027160600000000002,0.0010454800000000001,0.0001
-0.0019574499999999999,0.0026391600000000002,0.0010766899999999999,0.0001
-0.0016551599999999999,0.0028755199999999999,0.00108096,0.0001
-0.00096298599999999999,0.0022951299999999998,9.9999899999999998e-05,0.0001
-0.00090919700000000004,0.0020324200000000001,9.9999600000000004e-05,0.0001
-0.00086318300000000001,0.00262284,0.0001,0.0001
-0.00050368799999999997,0.00225231,0.00048368,0.00050000000000000001
-0.00051036199999999999,0.0027906200000000002,0.0001,0.0001
-0.0023940699999999999,0.00052027900000000001,0.0014469000000000001,0.00050000000000000001
-0.00268549,0.00071714800000000003,0.0019291200000000001,0.0001
-0.00188054,0.00065952600000000001,0.00172422,0.0001
-0.0019892299999999998,0.00086228400000000005,0.00172821,0.0001
-0.0013653000000000001,0.00050453499999999997,0.0014586899999999999,0.00050000000000000001
-0.00176289,0.00086628200000000001,0.0017252599999999999,0.0001
-0.0018767899999999999,0.00079498299999999997,0.00157712,0.0001
-0.00095194300000000002,7.6984799999999995e-05,0.00137911,0.0001
-0.00040419700000000002,0.000233456,0.0015675000000000001,0.00050000000000000001
-0.00084670899999999996,0.000852654,0.0022238800000000001,0.00050000000000000001
-0.0024880900000000001,0.0016932200000000001,0.0012212099999999999,0.0001
-0.00282263,0.00191286,0.0012308600000000001,0.0001
-0.0018888900000000001,0.0013790499999999999,0.0014403199999999999,0.00050000000000000001
-0.00064804000000000001,0.00114977,0.00130298,0.00050000000000000001
-0.00083411900000000003,0.0018239,0.0019861900000000001,0.00050000000000000001
-8.91103e-05,0.00194184,0.00131796,0.00050000000000000001
-0.0028542799999999998,0.0023528099999999999,0.0016856600000000001,0.0001
-0.0026574200000000002,0.0026431499999999999,0.0017154200000000001,0.0001
-0.00235236,0.0022582000000000001,0.0013708100000000001,0.00050000000000000001
-0.0023382199999999998,0.0028334699999999998,0.0021864699999999998,0.00050000000000000001
-0.0028580900000000002,0.0025187500000000002,0.0015614800000000001,0.0001
-0.0028442699999999999,0.0026398699999999999,0.00178666,0.0001
-0.0027285199999999999,0.0024705600000000001,0.0017872299999999999,0.0001
-0.00236841,0.0028455500000000001,0.00124935,0.0001
-0.0023372800000000002,0.0028531799999999999,0.00144677,0.0001
-0.0020402599999999999,0.00275049,0.0012207299999999999,0.0001
-0.0019770199999999999,0.0029245,0.00130007,0.0001
-0.00151425,0.0026505700000000001,0.0016723700000000001,0.00050000000000000001
-0.0017617799999999999,0.0029803999999999998,0.0021081899999999998,0.0001
-0.0013750699999999999,0.0029115600000000001,0.0021944,0.0001
-0.0017392499999999999,0.0028048000000000001,0.0022067699999999998,0.0001
-0.00155945,0.00298467,0.00216869,0.0001
-0.0018318500000000001,0.0028445300000000001,0.00118805,0.0001
-0.00061569000000000001,0.00277502,0.0013126100000000001,0.00050000000000000001
-0.00068091500000000004,0.00229072,0.00165132,0.0001
-0.00049371199999999999,0.0029063399999999999,0.00188521,0.0001
-0.0025243599999999998,0.00095682899999999997,0.0024515499999999998,0.00050000000000000001
-0.0023011500000000001,0.000221311,0.0031993500000000001,0.00050000000000000001
-0.0017070799999999999,0.00040218099999999999,0.0023964500000000001,0.00050000000000000001
-0.0015702299999999999,0.00090243799999999998,0.0032421899999999998,0.00050000000000000001
-0.00061633200000000003,0.00060943100000000001,0.003212,0.00050000000000000001
-7.8723400000000003e-06,0.00038794600000000002,0.00245356,0.00050000000000000001
-0.00060241600000000004,0.00040037500000000001,0.0025333399999999998,0.0001
-5.2564400000000001e-05,0.00061592999999999999,0.0030067599999999998,0.0001
-0.0025808799999999998,0.00133943,0.00336171,0.00050000000000000001
-0.0024291199999999999,0.0019303,0.0025778300000000001,0.00050000000000000001
-0.0026891599999999999,0.0018759099999999999,0.0031158100000000001,0.0001
-0.00239252,0.0018774200000000001,0.0031743800000000001,0.0001
-0.0028168199999999998,0.00147511,0.0025279899999999999,0.0001
-0.0016341699999999999,0.0013973799999999999,0.0023969899999999999,0.00050000000000000001
-0.0018367500000000001,0.00198687,0.0033722299999999999,0.00050000000000000001
-0.00084163499999999997,0.00157631,0.0031557500000000001,0.00050000000000000001
-0.0028759100000000002,0.0024448899999999999,0.0027814699999999999,0.0001
-0.0026921900000000001,0.0021630899999999999,0.0030642500000000001,0.0001
-0.0027552200000000001,0.00265161,0.0025776699999999998,0.0001
-0.0026767700000000002,0.0024745100000000001,0.0025278399999999999,0.0001
-0.0025057600000000001,0.0027250199999999999,0.00316162,0.00050000000000000001
-0.0028724000000000002,0.0028661099999999998,0.0024577399999999999,0.0001
-0.0029003800000000001,0.0022466000000000001,0.0027724300000000002,0.0001
-0.0021603400000000002,0.0024646500000000001,0.00262503,0.0001
-0.0028980500000000001,0.0027789300000000002,0.0026359,0.0001
-0.0020091900000000001,0.0023462499999999998,0.0026809999999999998,0.0001
-0.0029593800000000002,0.00265015,0.0027761000000000001,0.0001
-0.0029711799999999999,0.0028564599999999999,0.0028065099999999999,0.0001
-0.0027706800000000002,0.0029979799999999999,0.0025684700000000002,0.0001
-0.0018963599999999999,0.0029275899999999999,0.0025813199999999998,0.0001
-0.0019834100000000001,0.0025416200000000001,0.0025723899999999999,0.0001
-0.00187269,0.0027313300000000001,0.0025509600000000001,0.0001
-0.0014180799999999999,0.0023407200000000001,0.0025782399999999999,0.00050000000000000001
-0.00170918,0.0029785499999999999,0.0023011400000000001,0.0001
-0.0017564200000000001,0.0028053399999999999,0.00240603,0.0001
-0.0015250699999999999,0.0028785099999999999,0.0023346700000000001,0.0001
-0.0016167,0.0029028499999999998,0.0025107699999999998,0.0001
-8.1052399999999997e-05,0.0027820100000000001,0.0033212099999999998,0.0001
-3.2618199999999999e-05,0.0026152599999999999,0.0032219800000000002,0.0001
-0.00061875999999999999,0.00254338,0.0031158100000000001,0.00050000000000000001
-2.39702e-05,0.0022045599999999999,0.0023937400000000001,0.00050000000000000001
-0.000172287,0.0029298499999999999,0.0032221099999999998,0.0001
-4.18742e-05,0.0029717099999999998,0.0033710200000000002,0.0001
-0.0026452099999999998,0.00063192800000000003,0.0040508999999999996,0.00050000000000000001
-0.00169933,0.00034428900000000001,0.00405654,0.00050000000000000001
-0.00070685500000000005,4.5068100000000003e-05,0.0040567399999999997,0.00050000000000000001
-0.00096607099999999999,0.00099441299999999998,0.0040524100000000002,0.00050000000000000001
-0.0011253299999999999,0.0019670500000000001,0.0040549899999999996,0.00050000000000000001
-0.00190346,0.00130543,0.0040732800000000003,0.00050000000000000001
-0.000204093,0.00160535,0.00405697,0.00050000000000000001
-0.0025421699999999998,0.0020548599999999999,0.0040528099999999996,0.00050000000000000001
-0.0017877500000000001,0.0026960299999999999,0.0040575100000000003,0.00050000000000000001
-0.00036822500000000002,0.0026012499999999998,0.00406033,0.00050000000000000001
0.00062890500000000002,-0.0025060600000000001,0.00047275399999999998,0.00050000000000000001
4.3850000000000002e-05,-0.00203185,0.00109717,0.0001
0.00084568100000000004,-0.00208041,0.0001,0.0001
0.00089816799999999997,-0.0029033599999999998,0.0001,0.0001
0.00056985900000000003,-0.0029770999999999999,0.0001,0.0001
0.00103527,-0.0027568900000000001,0.0001,0.0001
0.00157938,-0.0022780000000000001,0.000477221,0.00050000000000000001
0.0012583799999999999,-0.0027669399999999999,0.0001,0.0001
0.0011511,-0.0025927900000000002,0.0001,0.0001
0.0014605,-0.0028116199999999999,0.0001,0.0001
0.00181208,-0.00268396,0.0001,0.0001
0.0016884700000000001,-0.00288361,0.0001,0.0001
0.0019983900000000001,-0.00248344,0.0001,0.0001
0.0020472799999999998,-0.0021093100000000001,0.0001,0.0001
0.0021032300000000002,-0.0026547599999999999,0.0001,0.0001
0.0023661799999999998,-0.0025104699999999999,0.0001,0.0001
0.0023361800000000002,-0.0023810799999999998,0.0010926600000000001,0.00050000000000000001
0.0024601200000000001,-0.0028223900000000001,0.0001,0.0001
0.0028925800000000001,-0.0021613700000000001,0.0010463600000000001,0.0001
0.00294261,-0.0027294099999999998,0.0001,0.0001
0.0023005299999999998,-0.0026994100000000002,0.0001,0.0001
0.0025869399999999998,-0.0026581500000000002,0.0001,0.0001
0.0026926300000000001,-0.0028373299999999999,0.0001,0.0001
0.0027813400000000002,-0.0026110999999999999,0.0001,0.0001
0.0026810900000000001,-0.0022894999999999999,0.0001,0.0001
0.0025602899999999998,-0.0024589099999999999,0.0001,0.0001
0.0029407399999999998,-0.0029294500000000001,0.0001,0.0001
0.0025366500000000001,-0.0021076100000000002,0.0001,0.0001
0.0027260600000000002,-0.0020355299999999998,0.0001,0.0001
0.0024198499999999999,-0.00231292,0.0001,0.0001
0.00218819,-0.0024186400000000001,0.0001,0.0001
0.0022640500000000001,-0.00218724,0.0001,0.0001
0.00034570400000000001,-0.00195546,0.0001,0.0001
0.00089721400000000002,-0.00156532,0.00052799499999999996,0.00050000000000000001
0.00035045299999999997,-0.00140145,0.00071292700000000003,0.0001
0.00039011100000000001,-0.00154356,0.00084795400000000005,0.0001
0.00049890199999999996,-0.00197298,0.00071549899999999997,0.0001
6.2705499999999998e-05,-0.0013147300000000001,0.00086159400000000003,0.0001
0.00036146799999999999,-0.0017025,0.00096592399999999995,0.0001
0.000464096,-0.0018284,0.00084923599999999996,0.0001
0.00046193900000000002,-0.00128421,0.00083050500000000005,0.0001
0.00026221799999999999,-0.00132172,0.00087372700000000003,0.0001
0.00023631999999999999,-0.00149676,0.00096694100000000002,0.0001
0.00043660699999999999,-0.0014964900000000001,0.0001,0.0001
0.0018637599999999999,-0.00148391,0.0001,0.0001
0.0010308699999999999,-0.0019655699999999998,0.0001,0.0001
0.00187816,-0.00128443,0.0001,0.0001
0.0013223499999999999,-0.00161846,0.0001,0.0001
0.00152242,-0.00161527,0.0001,0.0001
0.0015014500000000001,-0.00181704,0.0001,0.0001
0.00181124,-0.0018630700000000001,0.0001,0.0001
0.0013988900000000001,-0.00137272,0.00079487100000000005,0.0001
0.0027153300000000002,-0.0018356900000000001,0.0001,0.0001
0.0023091499999999998,-0.00161006,0.000481721,0.00050000000000000001
0.0028398400000000002,-0.0015697899999999999,0.0001,0.0001
0.0020661199999999998,-0.0012160599999999999,0.0001,0.0001
0.0027484499999999999,-0.0013852199999999999,0.0001,0.0001
0.0029843600000000001,-0.00143121,0.0001,0.0001
0.0022549499999999999,-0.0011501599999999999,0.0001,0.0001
0.0025792699999999998,-0.00117939,0.0001,0.0001
0.00292917,-0.0018304899999999999,0.0001,0.0001
0.0028694100000000002,-0.0012259199999999999,0.0001,0.0001
0.0020627900000000001,-0.0010072600000000001,0.0001,0.0001
0.0024274499999999998,-0.00104776,0.0001,0.0001
0.0027380400000000002,-0.0010577,0.0001,0.0001
0.0029370899999999998,-0.0010376999999999999,0.0001,0.0001
0.00074888799999999996,-0.00085616800000000003,0.0001,0.0001
0.00052850499999999997,-0.00044887600000000002,0.0001,0.0001
0.00020133600000000001,-0.00086496200000000004,0.00048945200000000003,0.00050000000000000001
0.00091686899999999995,-0.00019446399999999999,0.00048494899999999998,0.00050000000000000001
0.00037120300000000002,-0.00032779100000000002,0.00069583299999999998,0.0001
0.00046078699999999999,-0.00025890400000000001,0.0001,0.0001
0.00042338800000000002,-0.00018529899999999999,0.00082611200000000005,0.0001
0.00078826500000000002,-3.1694099999999999e-06,0.0010388999999999999,0.0001
0.000658568,-0.00067765499999999999,0.0001,0.0001
0.00030669399999999999,-0.00012884999999999999,0.0001,0.0001
0.00010352,-0.00034501300000000003,0.0001,0.0001
0.00135374,-0.00033936900000000001,0.0001,0.0001
0.0015380599999999999,-0.00026173400000000001,0.0001,0.0001
0.0016113,-0.00090671800000000004,0.00048226200000000001,0.00050000000000000001
0.00192184,-0.00041562499999999998,0.0001,0.0001
0.0014598600000000001,-0.00036044899999999999,0.00067887199999999996,0.0001
0.0011302599999999999,-1.1382800000000001e-05,0.0010149899999999999,0.0001
0.0027528299999999999,-0.00081799499999999996,0.0001,0.0001
0.0020617999999999999,-0.000790839,0.0001,0.0001
0.0021198100000000002,-0.00036993799999999999,0.0001,0.0001
0.00255696,-0.00066724500000000001,0.00065194999999999999,0.00050000000000000001
0.0028341,-0.00019789100000000001,0.00090272900000000001,0.0001
0.00225458,-0.00094717900000000003,0.0001,0.0001
0.00206493,-0.00058944499999999996,0.0001,0.0001
0.0022554200000000002,-0.00052042899999999999,0.0001,0.0001
0.0025330800000000001,-0.00043319499999999999,9.9999400000000003e-05,0.0001
0.00234424,-0.00076828400000000005,0.0001,0.0001
0.0024626499999999998,-0.000246006,0.0001,0.0001
0.00277334,-0.00057489599999999998,9.9999899999999998e-05,0.0001
0.0028797300000000001,-0.00039226700000000002,0.00022744200000000001,0.0001
0.0027260399999999999,-0.00038057100000000001,9.9999899999999998e-05,0.0001
0.0029815599999999999,-0.00050797500000000003,9.9999899999999998e-05,0.0001
0.0029457900000000002,-0.000253002,9.9999899999999998e-05,0.0001
0.0025791199999999999,-0.00091717700000000003,0.0001,0.0001
0.00227583,-0.00017462399999999999,9.9999899999999998e-05,0.0001
0.0026556100000000001,-0.00019338299999999999,9.9999899999999998e-05,0.0001
0.0023799300000000002,-0.000111891,0.00079420399999999996,0.0001
0.00251235,-5.2278299999999997e-05,9.9999899999999998e-05,0.0001
0.00281687,-0.00014447900000000001,0.000207715,0.0001
0.0029542599999999998,-4.6898799999999999e-05,9.9999899999999998e-05,0.0001
0.0029210500000000001,-0.00070974299999999998,0.0001,0.0001
0.0026649099999999999,-1.5465199999999999e-05,0.00022397199999999999,0.0001
0.0021863299999999998,-0.000274238,0.00091306899999999997,0.0001
0.00225531,-8.9998200000000002e-05,0.00094909200000000001,0.0001
7.7650499999999998e-05,-0.00292282,0.00195116,0.00050000000000000001
0.00051935299999999996,-0.0022300800000000002,0.00140475,0.00050000000000000001
1.22866e-05,-0.00212211,0.0017067899999999999,0.0001
1.8911700000000001e-05,-0.0023815300000000002,0.0016990600000000001,0.0001
0.00119597,-0.0029385800000000001,0.0014828599999999999,0.00050000000000000001
0.00278904,-0.0021534900000000001,0.0014137799999999999,0.0001
0.0028859300000000001,-0.0021939899999999998,0.00124357,0.0001
0.0028713800000000002,-0.00235411,0.0013625200000000001,0.0001
0.0029947099999999998,-0.0021843000000000001,0.0014111099999999999,0.0001
0.0029378500000000001,-0.0023482899999999998,0.0015510599999999999,0.0001
0.0027588399999999998,-0.0024301499999999998,0.0015156900000000001,0.0001
0.0028454999999999999,-0.0024526499999999998,0.0016945199999999999,0.0001
0.00277429,-0.00205937,0.0015896300000000001,0.0001
0.0029597600000000001,-0.0021332899999999999,0.0016013100000000001,0.0001
0.00079024300000000004,-0.0018256500000000001,0.0017555400000000001,0.0001
0.00093621100000000005,-0.0018575499999999999,0.0016225899999999999,0.0001
0.00078850199999999995,-0.00129485,0.0014758099999999999,0.00050000000000000001
0.000241189,-0.0010541700000000001,0.0015260300000000001,0.0001
9.2577099999999998e-05,-0.0011367199999999999,0.00179288,0.0001
1.50325e-05,-0.0019614200000000002,0.00158774,0.0001
0.00022412699999999999,-0.0012035800000000001,0.00165788,0.0001
0.00084037000000000001,-0.00092696100000000002,0.0019469400000000001,0.0001
0.00104861,-0.00175804,0.0017547299999999999,0.0001
0.00148157,-0.0019948800000000001,0.0014134799999999999,0.00050000000000000001
0.0018450199999999999,-0.00161101,0.0016972999999999999,0.0001
0.0013009,-0.00101501,0.00161414,0.0001
0.00149066,-0.00101636,0.0015509899999999999,0.0001
0.00145167,-0.0013878600000000001,0.0012601400000000001,0.0001
0.00109358,-0.00106124,0.00194415,0.0001
0.0029311699999999999,-0.0015957,0.0012426500000000001,0.00050000000000000001
0.0023143700000000001,-0.00189632,0.0019387600000000001,0.00050000000000000001
0.0020278800000000001,-0.0011707899999999999,0.00133293,0.00050000000000000001
0.0027317499999999998,-0.0010040699999999999,0.0020020099999999998,0.00050000000000000001
0.0022267900000000002,-0.0013054,0.00188276,0.0001
0.0022715399999999998,-0.00134716,0.0021766400000000001,0.0001
0.0020981400000000001,-0.0013153100000000001,0.00227107,0.0001
0.00064886399999999997,-0.00086323599999999997,0.0018684999999999999,0.0001
0.00069180700000000001,-0.00075052699999999996,0.00170896,0.0001
0.00032251600000000001,-0.00098785600000000006,0.00169629,0.0001
0.00047261500000000001,-0.00088236599999999999,0.00177593,0.0001
0.00026668699999999999,-0.00046991300000000003,0.0013919,0.00050000000000000001
0.00079871800000000002,-0.00069928299999999998,0.0015478899999999999,0.0001
0.00020784800000000001,-0.00088347499999999999,0.0018226,0.0001
0.000123189,-0.00098166700000000009,0.0016703200000000001,0.0001
0.00076115999999999998,-0.00033482899999999998,0.00170375,0.0001
0.00079376700000000002,-0.00019062699999999999,0.0013272,0.0001
0.00080704300000000002,-0.00052122099999999999,0.0016475999999999999,0.0001
0.00071291400000000004,-7.6525200000000004e-05,0.00147018,0.0001
0.000104962,-2.16188e-05,0.0017564200000000001,0.0001
0.00080457399999999996,-0.00024348100000000001,0.0015312100000000001,0.0001
0.00068890900000000003,-9.7357999999999999e-05,0.0011846999999999999,0.0001
0.00077329500000000002,-0.00060882199999999997,0.0018242,0.0001
0.00073419399999999997,-0.00013747299999999999,0.0016855100000000001,0.0001
0.00097846400000000007,-3.6619200000000003e-05,0.0015428200000000001,0.0001
0.00091805599999999999,-6.3935400000000005e-05,0.00117841,0.0001
0.00057621599999999995,-2.20326e-05,0.00164408,0.0001
0.00088724500000000005,-6.3028099999999999e-06,0.00136743,0.0001
0.00092936899999999999,-0.00017954599999999999,0.0016738199999999999,0.0001
0.00046458799999999999,-7.7587400000000002e-05,0.0018004500000000001,0.0001
0.00091047600000000002,-0.00070927299999999996,0.00171345,0.0001
0.00094464699999999996,-0.00034679600000000002,0.0017824200000000001,0.0001
0.00090523299999999997,-9.4135000000000006e-06,0.0017761599999999999,0.0001
0.00096205599999999998,-0.00054366699999999996,0.00181306,0.0001
0.00128732,-0.00079500899999999995,0.00184626,0.0001
0.0011008999999999999,-0.00068068399999999998,0.0018571900000000001,0.0001
0.00100501,-0.00085161999999999998,0.00181738,0.0001
0.00117438,-0.00091198799999999997,0.0017298000000000001,0.0001
0.00184633,-0.000646965,0.00156237,0.0001
0.00131624,-0.00048558199999999997,0.0013322399999999999,0.00050000000000000001
0.00181821,-0.00078465900000000005,0.00226406,0.00050000000000000001
0.0019071299999999999,-0.00020957500000000001,0.00211787,0.0001
0.00172675,-0.00077105200000000004,0.00166388,0.0001
0.0016082399999999999,-0.00093033899999999997,0.00168801,0.0001
0.0022055,-0.000167744,0.0015989999999999999,0.00050000000000000001
0.00076656200000000004,-0.00235052,0.0023516700000000001,0.00050000000000000001
0.000209521,-0.00256456,0.0024140400000000001,0.0001
0.000245479,-0.00250965,0.0026029600000000001,0.0001
0.00068833800000000004,-0.0025477999999999998,0.0029128800000000001,0.0001
0.00193191,-0.00204989,0.0033951200000000002,0.00050000000000000001
0.0011809800000000001,-0.0026600999999999999,0.0032364500000000001,0.00050000000000000001
0.0018827200000000001,-0.0025383099999999998,0.0025499300000000002,0.00050000000000000001
0.0016760799999999999,-0.0028914499999999998,0.0029887799999999999,0.0001
0.0015288400000000001,-0.0029330699999999999,0.00283089,0.0001
0.00252119,-0.0021309900000000001,0.0027063600000000001,0.0001
0.0025046299999999999,-0.00241325,0.0027517100000000001,0.0001
0.0024283199999999999,-0.0020703499999999999,0.00250155,0.0001
0.00283943,-0.00263065,0.0023037800000000001,0.00050000000000000001
0.0028534900000000002,-0.0023958299999999998,0.0032424400000000001,0.00050000000000000001
0.00257413,-0.0027328999999999999,0.0028321399999999999,0.0001
0.002408,-0.0027934800000000001,0.0026876500000000002,0.0001
0.0024498699999999998,-0.0022882699999999998,0.0026054799999999999,0.0001
0.0026099399999999998,-0.0020047200000000002,0.0024495400000000001,0.0001
0.0026406300000000001,-0.0029586399999999998,0.0027651899999999998,0.0001
0.00239134,-0.0022484599999999999,0.0024184300000000001,0.0001
0.0023510800000000002,-0.0029113099999999999,0.0025111199999999999,0.0001
0.0024860799999999999,-0.0029823100000000002,0.0026404800000000002,0.0001
0.0023026399999999999,-0.00289836,0.0023175100000000001,0.0001
0.00277897,-0.0028631400000000001,0.0028735599999999998,0.0001
0.0027574700000000001,-0.00203645,0.0023182699999999999,0.0001
0.0023497499999999998,-0.0027363399999999999,0.0028703499999999998,0.0001
0.0021741400000000002,-0.0020153599999999999,0.00250987,0.0001
0.0024432999999999998,-0.0026036000000000002,0.0027536100000000001,0.0001
0.00268366,-0.0021267399999999998,0.0025898100000000001,0.0001
0.0022914300000000001,-0.0021088299999999999,0.00264219,0.0001
0.0024639200000000001,-0.0028990299999999999,0.0028480599999999999,0.0001
0.00229612,-0.0029589,0.0026985400000000001,0.0001
0.0029126899999999999,-0.0029822099999999999,0.00278444,0.0001
0.00219447,-0.0029390599999999998,0.0028696300000000002,0.0001
0.0023499200000000001,-0.0029910200000000001,0.00298424,0.0001
0.00049373600000000004,-0.0019572399999999998,0.0032185,0.00050000000000000001
0.00049406700000000005,-0.00140117,0.00240946,0.00050000000000000001
0.00145645,-0.0016730099999999999,0.0023446500000000002,0.00050000000000000001
0.0012747699999999999,-0.00135002,0.0032441700000000002,0.00050000000000000001
0.0019712100000000001,-0.0015975099999999999,0.0026434900000000001,0.0001
0.0018431999999999999,-0.00128659,0.0025918400000000002,0.0001
0.00175825,-0.0019887300000000002,0.00275603,0.0001
0.0019578099999999999,-0.0013498200000000001,0.0024093299999999999,0.0001
0.00191529,-0.00194341,0.00262094,0.0001
0.0019622099999999998,-0.0016474300000000001,0.00295115,0.0001
0.0019773799999999999,-0.0019578,0.00243137,0.0001
0.0018227300000000001,-0.0011520499999999999,0.0027384000000000002,0.0001
0.0018167700000000001,-0.00160725,0.0028198699999999999,0.0001
0.0018282000000000001,-0.00180579,0.0027964999999999999,0.0001
0.0017596999999999999,-0.0012198000000000001,0.0029157100000000002,0.0001
0.00183639,-0.0013621900000000001,0.0030333700000000001,0.0001
0.00185421,-0.00143491,0.0027255600000000001,0.0001
0.0019657099999999999,-0.0013783599999999999,0.0028816599999999999,0.0001
0.00199219,-0.0011846599999999999,0.0028394800000000001,0.0001
0.00199169,-0.0014845800000000001,0.0030634400000000002,0.0001
0.0019689799999999999,-0.00104484,0.0029805999999999999,0.0001
0.00200358,-0.00140602,0.00259574,0.0001
0.0020190500000000001,-0.00120586,0.0026424299999999999,0.0001
0.0021114900000000002,-0.00182574,0.0024989999999999999,0.0001
0.0028005999999999999,-0.0019870399999999998,0.0025073000000000001,0.0001
0.00200453,-0.0017850800000000001,0.00270441,0.0001
0.0020513799999999998,-0.00165227,0.0024196700000000001,0.0001
0.00202893,-0.0015020400000000001,0.0022895699999999999,0.0001
0.0025399200000000002,-0.00154352,0.0028268799999999999,0.00050000000000000001
0.0027613899999999999,-0.0012410100000000001,0.0032953000000000001,0.0001
0.0021864900000000001,-0.00114134,0.0030985600000000002,0.0001
0.00218899,-0.00114825,0.0025541100000000001,0.0001
0.0029789999999999999,-0.00126815,0.0031291800000000001,0.0001
0.0025040800000000001,-0.0010042,0.00308735,0.0001
0.00268578,-0.0010594700000000001,0.0031500299999999998,0.0001
0.0021549099999999999,-0.0010905000000000001,0.0029077199999999999,0.0001
0.0020929799999999999,-0.00135991,0.0031825899999999999,0.0001
0.0023240100000000001,-0.00105579,0.0024391299999999999,0.0001
0.0028767100000000002,-0.0016397300000000001,0.0033140399999999999,0.0001
0.0027421400000000001,-0.0018119200000000001,0.0033239400000000001,0.0001
0.00293261,-0.00181832,0.0033846200000000001,0.0001
0.00250761,-0.00190913,0.0033015200000000001,0.0001
0.0023135299999999998,-0.0010172,0.0030050200000000002,0.0001
0.00204258,-0.0012555800000000001,0.0030195700000000001,0.0001
0.0024857999999999998,-0.0010144100000000001,0.0025491799999999998,0.0001
0.0023602499999999999,-0.0010996300000000001,0.0031883800000000002,0.0001
0.0021190900000000001,-0.0010471600000000001,0.0027119000000000002,0.0001
0.0027452800000000001,-0.0014226099999999999,0.0033775300000000001,0.0001
0.0029122599999999998,-0.00139119,0.00327203,0.0001
0.0026959599999999998,-0.0016325300000000001,0.0033993600000000001,0.0001
0.0024450399999999999,-0.00173906,0.0033861300000000002,0.0001
0.00053613100000000002,-0.00042282399999999998,0.002343,0.00050000000000000001
0.00043562100000000002,-0.00085807899999999998,0.0032381599999999999,0.00050000000000000001
0.00077801699999999999,-0.00036549599999999998,0.0032269099999999999,0.0001
0.0013500400000000001,-0.00037275600000000002,0.0030459599999999999,0.00050000000000000001
0.0018556600000000001,-0.000233274,0.00249767,0.0001
0.00166585,-0.000276796,0.0025448900000000002,0.0001
0.0018605399999999999,-9.2865100000000006e-05,0.0027292900000000001,0.0001
0.00190076,-0.00025529799999999999,0.0028388300000000001,0.0001
0.0019004,-0.00016907200000000001,0.0023136099999999998,0.0001
0.0018417399999999999,-3.3989599999999997e-05,0.00250724,0.0001
0.0016859799999999999,-9.7795700000000003e-05,0.0026318000000000001,0.0001
0.00190668,-0.00034104099999999999,0.0026582400000000001,0.0001
0.0018544799999999999,-0.00097765500000000002,0.0028310100000000001,0.0001
0.00196423,-0.0001192,0.0029709200000000002,0.0001
0.0021188600000000002,-0.00091294399999999995,0.0029924299999999999,0.0001
0.0024487699999999999,-0.00051925699999999997,0.0032128600000000001,0.0001
0.00223405,-0.00059091899999999997,0.00309429,0.0001
0.0020500200000000001,-0.00034729800000000001,0.0029350499999999998,0.0001
0.00212138,-0.00020683400000000001,0.0030582399999999998,0.0001
0.00227575,-0.00096225499999999997,0.0026091899999999999,0.0001
0.00206448,-0.000877808,0.0028032,0.0001
0.0020327700000000001,-0.00067935700000000001,0.0028143999999999999,0.0001
0.0024373900000000002,-7.7123800000000002e-05,0.0025649800000000001,0.00050000000000000001
0.0023348499999999999,-0.00066799000000000003,0.0025459699999999998,0.0001
0.00253287,-0.00080255699999999997,0.0030192399999999999,0.0001
0.0022976899999999998,-0.00099501600000000004,0.0028052699999999999,0.0001
0.0026197,-0.00087337500000000002,0.00318491,0.0001
0.0023237599999999998,-0.00081116399999999996,0.0028795600000000002,0.0001
0.0023931899999999999,-0.00062154300000000001,0.00231671,0.0001
0.0022211700000000002,-0.00079740599999999996,0.00270842,0.0001
0.0025605599999999999,-0.00094500499999999996,0.0027212099999999999,0.0001
0.0026982099999999999,-0.000604748,0.0024485399999999999,0.0001
0.0023721699999999998,-0.00064846700000000001,0.0027426999999999998,0.0001
0.00255237,-0.00065883700000000001,0.00265657,0.0001
0.0021814600000000001,-0.00060141700000000003,0.0027050400000000001,0.0001
0.0022842100000000001,-0.000831962,0.0030745,0.0001
0.00246832,-0.00094845699999999999,0.0028986400000000001,0.0001
0.0025154600000000002,-0.00068491199999999998,0.00246174,0.0001
0.0023922000000000001,-0.00090577799999999999,0.0032258,0.0001
0.0026276400000000001,-0.00042410000000000001,0.0030159900000000001,0.0001
0.00253389,-0.00057791500000000003,0.0028810400000000001,0.0001
0.00241289,-0.00082538900000000005,0.0026587899999999999,0.0001
0.0023813300000000001,-0.00084473700000000003,0.00246225,0.0001
0.0025108299999999999,-0.00076805799999999996,0.0028234800000000002,0.0001
0.0021641,-0.00072095199999999996,0.0029593900000000001,0.0001
0.0026674099999999998,-0.00062346700000000005,0.0032484900000000001,0.0001
0.0020254100000000001,-0.00048076999999999999,0.0027380999999999998,0.0001
0.0022626899999999999,-0.00055564999999999998,0.0028819800000000001,0.0001
0.00243254,-0.00046790200000000002,0.0030202499999999999,0.0001
0.0025672300000000002,-0.00060494300000000004,0.0030763800000000001,0.0001
0.0024380999999999999,-0.00071638500000000005,0.00318082,0.0001
0.0023918400000000001,-0.00066195299999999996,0.0029940100000000001,0.0001
0.0020689200000000001,-0.00054505999999999999,0.0029581299999999998,0.0001
0.0022221300000000001,-0.00040642899999999998,0.0030179899999999999,0.0001
7.2393500000000004e-05,-0.0021641999999999998,0.0035921799999999999,0.0001
0.00034155900000000001,-0.00241844,0.0040643099999999998,0.00050000000000000001
0.00143513,-0.0022881199999999998,0.0036327299999999998,0.0001
0.0023760399999999998,-0.0025703499999999999,0.0040751600000000004,0.00050000000000000001
0.0024834900000000001,-0.00211488,0.0036221299999999999,0.0001
2.5156699999999999e-05,-0.0019613500000000002,0.0036739400000000001,0.0001
0.00020878300000000001,-0.00192768,0.0037456899999999999,0.0001
0.00034221300000000001,-0.00142884,0.0040512300000000003,0.00050000000000000001
9.82302e-05,-0.00165171,0.0035504600000000001,0.0001
0.0012034999999999999,-0.0019280600000000001,0.0040530799999999997,0.00050000000000000001
0.00266578,-0.0019755300000000001,0.0036273,0.0001
0.0025179299999999998,-0.00196613,0.0034929499999999999,0.0001
0.0020007900000000001,-0.0013289300000000001,0.0040579400000000003,0.00050000000000000001
0.00278546,-0.0018641700000000001,0.0035120699999999999,0.0001
0.0029106900000000001,-0.0010169599999999999,0.00383148,0.00050000000000000001
0.00021586000000000001,-0.00033190999999999998,0.0040531500000000002,0.00050000000000000001
0.00060686500000000005,-0.00094949699999999999,0.0038058900000000001,0.0001
0.00198635,-0.00033687700000000002,0.0040494800000000003,0.00050000000000000001
0.00113798,-0.00084035000000000002,0.0040628000000000001,0.00050000000000000001
0.0027947100000000002,-0.00010238000000000001,0.0035173100000000001,0.00050000000000000001
0.00081263099999999997,0.00030508999999999999,0.00080050300000000004,0.0001
0.00057872999999999996,0.00065355100000000005,0.0001,0.0001
0.000914772,0.000141908,0.00098178799999999993,0.0001
0.00042812200000000002,0.00078998399999999998,0.0001,0.0001
0.00046545899999999999,1.88943e-05,0.0001,0.0001
0.00042873500000000002,0.00051731100000000001,0.0001,0.0001
0.00071170300000000005,0.00031177800000000002,0.0001,0.0001
0.00025094899999999999,0.00039512299999999999,0.0001,0.0001
0.00091868899999999999,0.000323407,0.0001,0.0001
0.0010148100000000001,0.00077885599999999997,0.00049282899999999997,0.00050000000000000001
0.00187754,3.0905799999999998e-05,0.00049890399999999999,0.00050000000000000001
0.00141756,0.00055081300000000004,0.0001,0.0001
0.0016682299999999999,0.00072589599999999996,0.0001,0.0001
0.0011913799999999999,0.00026736899999999999,0.00075207200000000001,0.0001
0.0012078799999999999,0.00013046499999999999,0.00089693300000000004,0.0001
0.00150658,0.00084392400000000002,0.0001,0.0001
0.0013423300000000001,0.000136212,0.00074883100000000004,0.0001
0.0017108500000000001,0.00045581400000000002,0.0001,0.0001
0.0010095799999999999,0.00028500500000000001,0.000833539,0.0001
0.0014562500000000001,0.000135153,0.00091321100000000004,0.0001
0.00132654,2.6670100000000001e-05,0.00102001,0.0001
0.00117023,0.00038166399999999998,0.00091482800000000002,0.0001
0.00103309,0.00029516399999999999,0.00103192,0.0001
0.00120283,0.00017772,0.0010912000000000001,0.0001
0.0012756099999999999,0.00037744800000000001,0.0001,0.0001
0.0010404800000000001,0.00068787500000000001,0.00108534,0.0001
0.00152914,0.00090853400000000001,0.00077328100000000001,0.0001
0.00275457,0.00095372199999999995,0.00070529399999999997,0.0001
0.00241384,0.00070510799999999997,9.9999800000000004e-05,0.0001
0.0025117099999999999,0.000879523,9.9999899999999998e-05,0.0001
0.0022260700000000001,0.00031521400000000002,0.0001,0.0001
0.0029412599999999998,0.000102697,0.00023210700000000001,0.0001
0.0020487299999999999,0.00098703099999999998,0.00048368700000000001,0.00050000000000000001
0.00268718,0.00038270099999999999,0.000939024,0.00050000000000000001
0.0027717000000000002,0.00046117199999999998,9.9999899999999998e-05,0.0001
0.0022165599999999998,0.00045978000000000002,0.000251656,0.0001
0.0023875099999999998,0.00035806400000000001,0.00023093500000000001,0.0001
0.0023255799999999998,1.9257900000000001e-05,9.9999899999999998e-05,0.0001
0.0024526299999999999,7.9192100000000004e-05,0.00024235899999999999,0.0001
0.0025153900000000002,0.00043870900000000002,9.9999899999999998e-05,0.0001
0.0025765300000000001,0.00029319900000000001,0.00022283599999999999,0.0001
0.00258136,0.000135439,9.9999899999999998e-05,0.0001
0.0023303999999999998,0.00052334300000000001,9.9999800000000004e-05,0.0001
0.0029335400000000001,0.00025265800000000001,9.9999899999999998e-05,0.0001
0.00273391,0.00026477400000000001,9.9999899999999998e-05,0.0001
0.0026427400000000002,0.00062283399999999995,0.00039097200000000001,0.0001
0.00239441,0.00020703900000000001,9.9999899999999998e-05,0.0001
0.0028068099999999999,0.00067877900000000001,9.9999899999999998e-05,0.0001
0.0029368799999999998,0.00097933299999999998,0.00062713199999999997,0.0001
0.0027938699999999999,7.3975700000000004e-05,9.9999899999999998e-05,0.0001
0.0024536200000000001,0.00054818,0.00025556800000000002,0.0001
0.00261912,0.00060970700000000002,9.9999899999999998e-05,0.0001
0.0029331299999999999,0.00051615999999999999,0.00020447900000000001,0.0001
0.0023018700000000001,0.00083761600000000001,0.0010067399999999999,0.0001
0.0028389999999999999,0.0003456,0.00024974399999999999,0.0001
0.0029739699999999998,0.000857564,0.0001,0.0001
0.0026416600000000001,0.00048022499999999998,0.00025075299999999999,0.0001
0.0025476600000000002,0.00072450100000000001,0.00024736300000000001,0.0001
0.0028065299999999998,0.000512525,0.000359265,0.0001
0.00271157,0.00087197100000000003,9.9999899999999998e-05,0.0001
0.0028332600000000002,0.00092210299999999996,0.00025059300000000002,0.0001
0.0028032899999999999,0.00073935199999999998,0.00041638800000000001,0.0001
0.0029189900000000002,0.00074142999999999995,0.00025326500000000002,0.0001
0.0021105799999999999,0.00048764799999999998,0.00081047499999999995,0.0001
0.0021383399999999999,0.00062470400000000001,0.00095346299999999999,0.0001
0.00263518,0.000842456,0.00038310699999999999,0.0001
0.00208814,0.00035460299999999999,0.00095810700000000003,0.0001
0.0021434399999999999,0.000759839,0.00110081,0.0001
0.00262708,0.00086120499999999998,0.00058206200000000005,0.0001
0.0026125900000000001,0.00098046099999999996,0.00024012299999999999,0.0001
0.0029141599999999998,0.00096133999999999998,0.000429243,0.0001
0.00298007,0.00088740599999999998,0.00079942200000000004,0.0001
0.0021751499999999998,7.9952700000000004e-05,0.0010175799999999999,0.0001
0.0019813299999999999,0.00017507800000000001,0.001072,0.0001
6.6414099999999998e-05,0.0010746600000000001,0.00055638599999999997,0.00050000000000000001
0.00043681599999999997,0.0019773999999999998,0.00048511099999999998,0.00050000000000000001
0.00091343200000000005,0.0014935199999999999,0.0001,0.0001
0.00013183199999999999,0.00163291,9.9999800000000004e-05,0.0001
2.7595099999999999e-05,0.00146222,9.9999600000000004e-05,0.0001
5.5344099999999998e-06,0.0015928699999999999,0.00024981800000000001,0.0001
1.44789e-05,0.0017948599999999999,9.9999800000000004e-05,0.0001
0.00099742400000000001,0.0013042900000000001,0.0001,0.0001
0.0014091900000000001,0.0010149499999999999,0.00089280900000000005,0.0001
0.0013603899999999999,0.00117457,0.00078263499999999995,0.0001
0.0013678200000000001,0.00169304,0.00048075,0.00050000000000000001
0.00146586,0.0010436899999999999,0.0001,0.0001
0.0019112700000000001,0.0015366500000000001,0.000681243,0.0001
0.00184516,0.0017003000000000001,0.0001,0.0001
0.00179762,0.0014275500000000001,0.00080445099999999997,0.0001
0.0016244300000000001,0.00118235,0.0001,0.0001
0.00187313,0.0016896700000000001,0.00080424200000000004,0.0001
0.00148438,0.00112473,0.000633834,0.0001
0.0025746300000000001,0.0010105400000000001,0.00077156800000000004,0.0001
0.0020276199999999999,0.0016495800000000001,0.00092476799999999997,0.0001
0.0028843800000000002,0.00120129,0.00071373200000000002,0.0001
0.0029994100000000001,0.00104871,0.00027082099999999997,0.0001
0.0028325099999999999,0.0012430900000000001,9.9999899999999998e-05,0.0001
0.0027702500000000001,0.00182887,9.9999699999999997e-05,0.0001
0.0025007100000000002,0.0010792200000000001,9.9999899999999998e-05,0.0001
0.0025052999999999998,0.00130006,9.9999800000000004e-05,0.0001
0.0028911900000000001,0.00143429,9.9999899999999998e-05,0.0001
0.0023174300000000001,0.00192998,0.00048043899999999999,0.00050000000000000001
0.00283819,0.0015947100000000001,0.00020703200000000001,0.0001
0.0027002300000000001,0.0010930899999999999,9.9999899999999998e-05,0.0001
0.0026735399999999999,0.0016325700000000001,9.9999899999999998e-05,0.0001
0.0029440299999999998,0.00176071,0.00017178899999999999,0.0001
0.0020042100000000002,0.0015617999999999999,0.0001,0.0001
0.00251418,0.0015087500000000001,0.0001,0.0001
0.0026912400000000001,0.0014146499999999999,9.9999800000000004e-05,0.0001
0.00256544,0.0011883499999999999,0.00025460000000000001,0.0001
0.00267228,0.0016047100000000001,0.000838607,0.0001
0.00268141,0.0014960399999999999,0.00028242799999999999,0.0001
0.0028954300000000001,0.0010460599999999999,9.9999800000000004e-05,0.0001
0.0021589399999999998,0.0014349899999999999,0.0001,0.0001
0.0026377499999999999,0.0011980599999999999,0.00044082000000000002,0.0001
0.0027292000000000002,0.0013029599999999999,0.00026150499999999998,0.0001
0.0027233299999999999,0.00101928,0.00041416599999999999,0.0001
0.0028283200000000001,0.00132248,0.00043411399999999998,0.0001
0.0028105000000000001,0.00112027,0.00026516499999999999,0.0001
0.0027177899999999999,0.0014830900000000001,0.00047866500000000003,0.0001
0.0027054000000000002,0.0013108900000000001,0.000591458,0.0001
0.0025509600000000001,0.0013782200000000001,0.00044446200000000001,0.0001
0.0024479800000000002,0.0013822999999999999,0.000273064,0.0001
0.0028219500000000002,0.00114784,0.00053139500000000004,0.0001
0.0026346999999999998,0.0010627900000000001,0.00058809699999999999,0.0001
0.0020635900000000001,0.0014936699999999999,0.00080477399999999996,0.0001
0.0026771999999999998,0.0014907099999999999,0.00067435499999999996,0.0001
0.0024828099999999998,0.0013736099999999999,0.00063243700000000002,0.0001
0.0025608900000000001,0.0012053999999999999,0.00070731799999999997,0.0001
0.0022554099999999998,0.0018231499999999999,0.00106759,0.0001
0.0029886000000000001,0.0012247899999999999,0.000365063,0.0001
0.0027597400000000001,0.00134234,0.00078134700000000005,0.0001
0.0020628500000000002,0.0018252800000000001,0.0010135700000000001,0.0001
0.00295093,0.00194743,0.0001,0.0001
0.00075869399999999997,0.0029201700000000001,0.0001,0.0001
0.00034351999999999999,0.0027764199999999999,0.0010570200000000001,0.00050000000000000001
0.00023799199999999999,0.0027996800000000001,0.0001,0.0001
3.587e-05,0.0027621899999999999,0.0001,0.0001
0.0011436599999999999,0.0026602399999999999,0.00048884500000000001,0.00050000000000000001
0.0017389700000000001,0.0023944499999999998,0.0001,0.0001
0.0027699299999999999,0.0020325199999999999,0.0001,0.0001
0.0026761100000000002,0.0022334199999999998,0.0001,0.0001
0.0020989200000000002,0.0028859699999999999,0.00048700000000000002,0.00050000000000000001
0.0025329900000000002,0.0023964899999999998,0.0001,0.0001
0.0022479399999999999,0.00239208,0.0001,0.0001
0.0025351499999999999,0.0025964999999999998,0.0001,0.0001
0.0028794200000000002,0.00219988,0.0001,0.0001
0.0027424200000000002,0.0029689600000000001,0.0001,0.0001
0.0025441600000000002,0.0029960199999999998,0.0001,0.0001
0.00052580699999999999,0.00046807800000000003,0.0013016600000000001,0.00050000000000000001
0.00087337600000000004,0.00088514099999999999,0.0021932700000000002,0.00050000000000000001
0.000175973,8.4535699999999998e-05,0.0016025099999999999,0.0001
0.000351708,4.4320100000000003e-05,0.00168911,0.0001
0.00035251599999999998,0.00020276800000000001,0.0018111500000000001,0.0001
0.00017342200000000001,0.000238817,0.0017297600000000001,0.0001
0.00099058700000000002,0.00016233600000000001,0.0015263900000000001,0.0001
0.00080383400000000002,3.4533899999999998e-05,0.0016094600000000001,0.0001
0.00052880500000000003,0.000112106,0.00178465,0.0001
0.00072569900000000001,0.000138453,0.00176144,0.0001
0.0010336500000000001,0.000794916,0.0013302399999999999,0.0001
0.00120505,0.00023880799999999999,0.00157237,0.0001
0.0010894699999999999,0.00030092500000000001,0.00142143,0.0001
0.0010500799999999999,0.00011636799999999999,0.00134106,0.0001
0.0012384900000000001,0.000106569,0.00127469,0.0001
0.00108862,0.00027555899999999998,0.00122305,0.0001
0.00159826,0.000586693,0.00128192,0.00050000000000000001
0.0013726599999999999,6.1687999999999996e-05,0.00214555,0.00050000000000000001
0.0010256,0.000100962,0.0011431600000000001,0.0001
0.00129991,9.93457e-05,0.00146488,0.0001
0.00177191,0.00022610100000000001,0.0017289300000000001,0.0001
0.0021608,0.00030186500000000001,0.0012193,0.0001
0.0020915199999999999,0.000778727,0.0015644400000000001,0.0001
0.0023352300000000002,0.00059712899999999995,0.00137509,0.0001
0.0022925799999999998,0.00072832799999999998,0.00123029,0.0001
0.0027273100000000002,0.00060769399999999999,0.0019047000000000001,0.00050000000000000001
0.00219572,0.00055351100000000002,0.00123785,0.0001
0.0024783700000000001,0.00073850999999999995,0.0013746800000000001,0.0001
0.0021723799999999998,0.00072343699999999995,0.00139006,0.0001
0.00216803,0.00052855100000000004,0.00146076,0.0001
6.0717800000000003e-06,0.0012894,0.0020390999999999999,0.00050000000000000001
0.00077864199999999996,0.00140869,0.0012203299999999999,0.00050000000000000001
0.0014968200000000001,0.0015819600000000001,0.0018858,0.00050000000000000001
0.0019911799999999999,0.0019424100000000001,0.00163623,0.0001
0.00201373,0.0018307600000000001,0.0014718299999999999,0.0001
0.0022965400000000001,0.00131029,0.00137626,0.00050000000000000001
0.0022212099999999999,0.0018789099999999999,0.0015523100000000001,0.0001
0.0023655799999999999,0.00182358,0.00167918,0.0001
0.00224909,0.0019985799999999998,0.0017101099999999999,0.0001
0.00074498200000000004,0.0022219800000000001,0.0017604700000000001,0.00050000000000000001
0.00169684,0.0022622499999999999,0.0012009099999999999,0.00050000000000000001
0.0013190000000000001,0.0020982700000000002,0.00163719,0.0001
0.00124734,0.0024665400000000001,0.00154181,0.0001
0.00161258,0.0026600700000000001,0.0016420899999999999,0.0001
0.00132722,0.0023336400000000001,0.0016681300000000001,0.0001
0.00164628,0.0026065699999999999,0.00190982,0.0001
0.00140284,0.0025246399999999999,0.0016533699999999999,0.0001
0.00148562,0.0026388399999999999,0.0017951600000000001,0.0001
0.00170973,0.00250592,0.00174905,0.0001
0.0018511599999999999,0.00204294,0.0017376500000000001,0.0001
0.0019516100000000001,0.0023596899999999998,0.00173532,0.0001
0.0014533599999999999,0.0021991799999999998,0.0017456500000000001,0.0001
0.0016742599999999999,0.00270485,0.0020817399999999999,0.0001
0.00164369,0.0021555900000000002,0.00178896,0.0001
0.00194089,0.0021895500000000002,0.0018399,0.0001
0.0020565499999999999,0.0021997100000000001,0.00167705,0.0001
0.0021338799999999999,0.0020587399999999999,0.0015581,0.0001
0.0021331100000000001,0.0029306499999999999,0.00176794,0.00050000000000000001
0.0026719299999999999,0.0022157399999999999,0.00134399,0.00050000000000000001
0.0026864200000000001,0.0027393500000000002,0.0016366200000000001,0.0001
0.0027274500000000002,0.0028532700000000002,0.00179579,0.0001
0.00298585,0.0025875799999999999,0.00169498,0.0001
0.0021434499999999999,0.0023577200000000002,0.00159005,0.0001
0.0022305900000000002,0.0022691600000000001,0.0017469300000000001,0.0001
0.0020943200000000002,0.0023414199999999999,0.00187425,0.0001
0.00051621499999999999,0.00017365999999999999,0.0032546699999999999,0.00050000000000000001
0.00086175800000000001,0.000304815,0.0023452099999999999,0.0001
0.00080682099999999999,0.000112626,0.0023384899999999999,0.0001
0.00090226100000000001,0.00018379099999999999,0.0024992,0.0001
0.00098749199999999997,0.00037331899999999999,0.0024848399999999999,0.0001
0.00183034,0.00085879499999999998,0.0024768099999999999,0.00050000000000000001
0.00110892,0.00096434600000000004,0.0031549799999999999,0.00050000000000000001
0.0012655100000000001,0.00070743399999999995,0.0026111799999999998,0.0001
0.0013060400000000001,0.00056746699999999999,0.00246138,0.0001
0.0019473699999999999,0.00083731400000000003,0.0030648899999999998,0.0001
0.00133113,0.00058038399999999998,0.0027510099999999999,0.0001
0.0016997,0.00092236900000000003,0.00305895,0.0001
0.00181835,0.00032523200000000001,0.0027509800000000001,0.0001
0.0015161700000000001,0.00037357699999999999,0.0026376199999999998,0.0001
0.0017396099999999999,9.4599700000000002e-05,0.0026214099999999998,0.0001
0.0013283500000000001,0.00043714399999999999,0.0026114599999999999,0.0001
0.00169286,0.00028785300000000002,0.0025997899999999998,0.0001
0.0010514599999999999,0.000240304,0.0026198100000000002,0.0001
0.00123562,0.00027750000000000002,0.0026883599999999999,0.0001
0.00114543,0.00048106000000000001,0.0025435599999999998,0.0001
0.0014234899999999999,0.00021804300000000001,0.00272259,0.0001
0.00149712,0.000482385,0.0028043500000000002,0.0001
0.0016796300000000001,0.00042109599999999998,0.0028585199999999998,0.0001
0.0019773299999999998,0.00021954200000000001,0.0028105999999999999,0.0001
0.00194502,0.00042195500000000001,0.0028717999999999999,0.0001
0.0018251700000000001,9.0011400000000004e-05,0.0028021299999999999,0.0001
0.0020014,7.5940199999999995e-05,0.0029477100000000001,0.0001
0.00212312,0.00081623100000000005,0.0031778800000000001,0.0001
0.0027031799999999999,0.000744972,0.0030420500000000001,0.00050000000000000001
0.0023122500000000001,0.00027803000000000002,0.0030320999999999998,0.0001
0.0024792400000000002,0.00019134600000000001,0.0030999299999999999,0.0001
0.0024099899999999999,0.00089388499999999997,0.0023258799999999998,0.0001
0.0021050399999999999,0.00073550799999999995,0.0029957899999999999,0.0001
0.0022438100000000002,0.00039305999999999998,0.0028835000000000002,0.0001
0.0021489600000000001,0.00056879700000000001,0.00289441,0.0001
0.0020762100000000002,0.00037303999999999999,0.0027289900000000001,0.0001
0.00211692,0.00025338900000000002,0.00294977,0.0001
0.00015393899999999999,0.0011792300000000001,0.0030139699999999999,0.00050000000000000001
0.00084942500000000001,0.0017678699999999999,0.0026249200000000002,0.00050000000000000001
0.000706728,0.00140313,0.00307946,0.0001
0.0015873599999999999,0.0016126000000000001,0.0024781400000000002,0.0001
0.0019935600000000001,0.00139095,0.0032915000000000002,0.00050000000000000001
0.00136181,0.00120465,0.00233235,0.0001
0.0012000699999999999,0.00136068,0.0023579999999999999,0.0001
0.0016079,0.0014154599999999999,0.0024514300000000001,0.0001
0.0026009800000000001,0.0014597200000000001,0.0023837900000000002,0.00050000000000000001
0.00214649,0.00195222,0.0031445700000000002,0.0001
0.0024657099999999999,0.0015563899999999999,0.00296029,0.0001
9.0974899999999995e-05,0.0026743399999999999,0.00336769,0.0001
0.000243525,0.0020949300000000001,0.0033359800000000001,0.00050000000000000001
0.000335371,0.00296708,0.0029044700000000001,0.00050000000000000001
0.00092516199999999999,0.00287237,0.0029608299999999998,0.0001
0.00086384199999999997,0.0028083700000000001,0.0031401200000000002,0.0001
0.00119268,0.0027677299999999999,0.00243406,0.00050000000000000001
0.00189258,0.0021082000000000002,0.0026238099999999999,0.00050000000000000001
0.0012045300000000001,0.0023521599999999998,0.00332935,0.00050000000000000001
0.00168929,0.0026578800000000001,0.0027523600000000001,0.0001
0.00185794,0.00286338,0.0025124100000000001,0.0001
0.00155809,0.0025486200000000001,0.00285651,0.0001
0.00177152,0.0026937100000000002,0.0025736000000000001,0.0001
0.00160604,0.0027983299999999999,0.0028678800000000002,0.0001
0.00173263,0.0028882700000000001,0.00266628,0.0001
0.0018614,0.0026613399999999999,0.0028541700000000001,0.0001
0.00170389,0.0029713700000000001,0.00284592,0.0001
0.00194523,0.0029041800000000001,0.0023371500000000001,0.0001
0.0019393800000000001,0.00271915,0.0026792999999999999,0.0001
0.00190551,0.0029023600000000001,0.0027658600000000002,0.0001
0.0021038200000000002,0.0025953299999999999,0.0029032400000000001,0.0001
0.00203075,0.00288346,0.00261108,0.0001
0.0021517699999999999,0.00264467,0.00269469,0.0001
0.0020381399999999999,0.0027747399999999999,0.0028441,0.0001
0.0027284200000000001,0.00274026,0.0029484799999999999,0.0001
0.00289733,0.00258705,0.0030332900000000001,0.0001
0.0022460399999999999,0.00234096,0.0030491200000000002,0.0001
0.0024844099999999998,0.0027593800000000001,0.00290332,0.0001
0.0020709000000000001,0.00274859,0.0023362600000000002,0.0001
0.0023112599999999999,0.0024447499999999999,0.0028910799999999999,0.0001
0.0027738400000000001,0.0024094099999999999,0.00229561,0.00050000000000000001
0.0027382499999999998,0.0020334699999999999,0.0032013599999999999,0.00050000000000000001
0.00205565,0.0026766099999999998,0.0025222299999999999,0.0001
0.0029486199999999999,0.0024953499999999999,0.0028631199999999998,0.0001
0.0029216799999999999,0.0028786300000000001,0.0026390900000000002,0.0001
0.0024496499999999998,0.0029139700000000001,0.0022773699999999999,0.0001
0.0024928200000000002,0.0028080900000000001,0.0026450100000000002,0.0001
0.0023002399999999998,0.0027767600000000001,0.0023232600000000002,0.0001
0.0026893199999999998,0.0028945199999999998,0.0026384400000000001,0.0001
0.00231059,0.0027645199999999999,0.0027150099999999999,0.0001
0.00242888,0.0023275000000000001,0.0027796499999999998,0.0001
0.0024547100000000001,0.00263109,0.0027527900000000002,0.0001
0.0023445800000000002,0.0027648199999999999,0.0025179199999999999,0.0001
0.00275851,0.0025558099999999999,0.0028772699999999999,0.0001
0.0024931599999999999,0.0029093299999999999,0.0024725300000000001,0.0001
0.0028339400000000001,0.0027629600000000001,0.0027766399999999999,0.0001
0.0022956700000000001,0.00264336,0.0028734400000000001,0.0001
0.0022215400000000001,0.0029164899999999999,0.0025610199999999998,0.0001
0.00241589,0.00291384,0.00279634,0.0001
0.00219147,0.0029423100000000001,0.00236498,0.0001
0.00263466,0.00274668,0.0027719300000000001,0.0001
0.0021679500000000001,0.0028986400000000001,0.0027558000000000001,0.0001
0.0029263700000000002,0.00276831,0.00295393,0.0001
0.00227349,0.0028378600000000002,0.0029144399999999999,0.0001
0.0025434699999999999,0.0024776500000000001,0.00284541,0.0001
0.0027604700000000001,0.0029224300000000002,0.0028724000000000002,0.0001
0.0025680099999999999,0.0029423000000000001,0.0029230300000000001,0.0001
0.00013371600000000001,0.00066447700000000001,0.00403741,0.00050000000000000001
0.0010865099999999999,0.000137157,0.0040558499999999997,0.00050000000000000001
0.0023682999999999998,0.00057126599999999996,0.0040658300000000003,0.00050000000000000001
0.00077764399999999997,0.0016710500000000001,0.0040524899999999997,0.00050000000000000001
0.0017397700000000001,0.0019712100000000001,0.0040573900000000001,0.00050000000000000001
0.0015045099999999999,0.00101859,0.0040592500000000004,0.00050000000000000001
0.0026387799999999999,0.00150486,0.0040355,0.00050000000000000001
0.00060705600000000002,0.0026403799999999999,0.0040613899999999998,0.00050000000000000001
0.000103688,0.0028575100000000002,0.0034469800000000001,0.0001
0.0015334599999999999,0.0029409900000000001,0.0040615399999999998,0.00050000000000000001
0.0025748699999999999,0.0024802800000000001,0.0040623899999999999,0.00050000000000000001
