-0.0025123400000000001,-0.00169899,0.00047671500000000001,0.00050000000000000001
-0.0025047200000000002,-0.0010834799999999999,0.00124486,0.00050000000000000001
-0.0028999999999999998,-0.0019593499999999999,9.9995700000000002e-05,0.0001
-0.0025208499999999998,-0.00121868,0.0001,0.0001
-0.0028999999999999998,-0.00143862,9.9996599999999997e-05,0.0001
-0.0028999,-0.00116238,0.0001,0.0001
-0.0023328699999999999,-0.0010587800000000001,0.0001,0.0001
-0.0014359799999999999,-0.0015592900000000001,0.0001,0.0001
-0.00090799900000000005,-0.00128732,0.00049569200000000005,0.00050000000000000001
-4.7500799999999998e-05,-0.0017856599999999999,0.00049679399999999995,0.00050000000000000001
-0.000318769,-0.0012640399999999999,0.00129543,0.00050000000000000001
-0.00020600699999999999,-0.0013346499999999999,0.0001,0.0001
-1.22732e-05,-0.0012661700000000001,0.0001,0.0001
-0.0025578799999999998,-0.00092086299999999996,0.0001,0.0001
-0.0021745100000000002,-0.000154826,0.0012743800000000001,0.00050000000000000001
-0.00238398,-0.00079260599999999995,0.0001,0.0001
-0.0020201099999999999,-0.00049501899999999997,0.0001,0.0001
-0.0018470100000000001,-0.00096821799999999996,0.00050308799999999995,0.00050000000000000001
-0.0015699500000000001,-1.8641600000000001e-05,0.000486744,0.00050000000000000001
-0.0014009599999999999,-0.00076960799999999997,0.00138762,0.00050000000000000001
-0.00123729,-0.00019326200000000001,0.00141964,0.0001
-0.00072703199999999996,-0.000367239,0.0001,0.0001
-0.00075482299999999995,-0.00084513899999999996,0.0001,0.0001
-0.00054474999999999999,-0.00028177999999999998,0.0001,0.0001
-0.00053220299999999997,-0.00030417500000000001,0.0012575100000000001,0.00050000000000000001
-0.000344629,-0.00028076899999999999,0.0001,0.0001
-0.0025098199999999998,0.00030362899999999998,0.00048007799999999999,0.00050000000000000001
-0.0025108299999999999,0.00078208900000000003,0.0013458299999999999,0.00050000000000000001
-0.0027009199999999999,0.00072676999999999996,0.0001,0.0001
-0.0028999999999999998,0.00055522099999999995,9.9998400000000001e-05,0.0001
-0.0020457399999999999,8.4187100000000006e-05,0.0001,0.0001
-0.0024540999999999999,0.00077426800000000005,0.0001,0.0001
-0.0028988299999999998,0.00075567799999999997,0.0001,0.0001
-0.0026964100000000002,0.000932744,0.0001,0.0001
-0.00224975,0.000694072,0.0001,0.0001
-0.0020891,0.00051756800000000004,0.0001,0.0001
-0.00183913,0.00036434500000000002,0.0001,0.0001
-0.00160002,0.00044706100000000001,0.0001,0.0001
-0.00129156,0.00094104900000000001,0.00047961299999999999,0.00050000000000000001
-0.00123328,0.00039665700000000002,0.00131025,0.00050000000000000001
-0.0016549900000000001,0.00064862600000000002,0.0001,0.0001
-0.0014019600000000001,0.00041932999999999998,0.0001,0.0001
-0.00120425,0.00044952300000000001,0.0001,0.0001
-0.00176498,0.000958869,0.0001,0.0001
-0.000272382,0.00079658500000000004,0.0001,0.0001
-0.00054347100000000001,0.00030365900000000001,0.00048876799999999999,0.00050000000000000001
-0.00082475799999999998,0.00073569300000000005,0.00079572599999999996,0.0001
-0.00071330099999999995,0.000232599,0.0010598300000000001,0.0001
-0.00025138899999999997,0.000744263,0.00077259099999999999,0.0001
-7.8126099999999997e-05,0.00057786100000000004,0.000750047,0.0001
-0.00012884699999999999,0.00071804400000000004,0.00061671899999999995,0.0001
-0.00072750799999999997,0.00084790899999999999,0.00066174799999999998,0.0001
-0.00077917299999999997,0.00099492200000000008,0.00078711899999999997,0.0001
-0.00012845099999999999,0.00053381399999999997,0.0001,0.0001
-9.0062700000000001e-05,0.00024312199999999999,0.0001,0.0001
-1.28721e-05,0.00082123799999999996,0.0001,0.0001
-0.00053547200000000005,0.00080583100000000002,0.00081703500000000003,0.0001
-0.00043944399999999999,0.00026358600000000001,0.00142793,0.0001
-0.0022925200000000001,0.0012694399999999999,0.00049372999999999995,0.00050000000000000001
-0.0025127600000000002,0.0017902899999999999,0.0013071599999999999,0.00050000000000000001
-0.0025207799999999998,0.00176008,0.0001,0.0001
-0.0028982499999999998,0.0018114400000000001,0.0001,0.0001
-0.0017790900000000001,0.0011772499999999999,0.0001,0.0001
-0.0016109,0.0012881399999999999,0.0001,0.0001
-0.00184987,0.00136454,0.0001,0.0001
-0.00178897,0.0015554,0.0001,0.0001
-0.0015873899999999999,0.00196657,0.000489085,0.00050000000000000001
-0.00167103,0.00128689,0.0013059600000000001,0.00050000000000000001
-0.00107912,0.0018377199999999999,0.0001,0.0001
-0.00107288,0.0013526,0.0001,0.0001
-6.1530099999999996e-05,0.00176188,0.0001,0.0001
-0.00057218199999999996,0.00187255,0.0001,0.0001
-0.00074204299999999996,0.00176199,0.0001,0.0001
-0.00057270499999999996,0.00165552,0.0001,0.0001
-0.00080894400000000003,0.0019042200000000001,0.0010804899999999999,0.00050000000000000001
-0.00037319300000000002,0.0019007099999999999,0.0001,0.0001
-0.00033417599999999999,0.0012676600000000001,0.00049115699999999999,0.00050000000000000001
-0.00084131500000000003,0.0011590000000000001,0.0001,0.0001
-0.0025052,-0.0016058299999999999,0.0020874700000000001,0.00050000000000000001
-0.0021677200000000002,-0.0019184200000000001,0.00170225,0.0001
-0.0016592499999999999,-0.00172675,0.00144786,0.00050000000000000001
-0.00166906,-0.00182211,0.00257456,0.00050000000000000001
-0.00067718900000000002,-0.00193283,0.0020752700000000002,0.0001
-0.00094214199999999998,-0.0013951300000000001,0.0020491900000000002,0.00050000000000000001
-7.09023e-05,-0.0014250199999999999,0.0025243599999999998,0.00050000000000000001
-1.3292000000000001e-05,-0.0019615000000000001,0.00278678,0.0001
-0.0024627500000000001,-0.000607743,0.00211437,0.00050000000000000001
-0.0021862399999999999,-0.000120727,0.0023296699999999998,0.0001
-0.0020581800000000002,-0.00043600399999999998,0.0025228099999999999,0.0001
-0.0022156900000000002,-0.00070996199999999996,0.0026515000000000002,0.0001
-0.0020837500000000001,-0.00026270200000000002,0.0024263000000000002,0.0001
-0.0022148699999999999,-0.000468565,0.0026427500000000001,0.0001
-0.0021746000000000001,-0.00058381600000000002,0.00280116,0.0001
-0.00210495,-3.0319600000000001e-06,0.0024694600000000001,0.0001
-0.0021118500000000002,-0.000242623,0.0026232999999999999,0.0001
-0.0020417899999999999,-0.000404251,0.00271959,0.0001
-0.00162919,-0.00083647099999999998,0.0026476999999999998,0.00050000000000000001
-0.0016443600000000001,-3.60367e-05,0.0020863499999999998,0.00050000000000000001
-0.00111333,-0.00090438699999999999,0.0023489499999999998,0.0001
-0.00190405,-0.000311852,0.00255164,0.0001
-0.0010590599999999999,-0.00014619399999999999,0.0014972200000000001,0.0001
-0.0016597000000000001,-0.000237259,0.0026513999999999999,0.0001
-0.0019742700000000002,-0.000103173,0.0025829999999999998,0.0001
-0.0018468,-0.00019415099999999999,0.0027074,0.0001
-0.0017270300000000001,-0.00027795899999999999,0.0028438999999999999,0.0001
-0.0019610000000000001,-0.00027578299999999999,0.0028498600000000001,0.0001
-0.00023158400000000001,-0.00086634400000000001,0.00173646,0.0001
-7.9243699999999995e-05,-0.00081727299999999998,0.00161641,0.0001
-0.00028975099999999998,-0.00074157499999999996,0.00158902,0.0001
-0.000761113,-0.00044115000000000002,0.0022028799999999999,0.00050000000000000001
-9.8486000000000005e-05,-0.00020997400000000001,0.0016612599999999999,0.0001
-0.00014199300000000001,-0.00071393200000000002,0.0014570900000000001,0.0001
-0.000122531,-0.00057646800000000001,0.0016010600000000001,0.0001
-0.00020008800000000001,-0.00045021699999999999,0.0017353900000000001,0.0001
-3.73901e-05,-0.00039806200000000003,0.00163142,0.0001
-2.0958899999999999e-06,-0.00017920100000000001,0.0018337799999999999,0.0001
-0.000234649,-7.9319699999999999e-05,0.00172751,0.0001
-0.00077821800000000001,-2.60163e-05,0.00172879,0.0001
-0.000936896,-3.2264300000000002e-05,0.0016072,0.0001
-0.00044344799999999999,-5.6430900000000004e-06,0.0019394,0.0001
-0.0025151599999999998,0.00037426099999999997,0.0022472400000000002,0.00050000000000000001
-0.0028999999999999998,0.00085464700000000005,0.0017967,0.0001
-0.0028999999999999998,0.00095349499999999995,0.0019705600000000001,0.0001
-0.0022301199999999999,0.00087326000000000005,0.0024197200000000002,0.0001
-0.0019908,0.000227541,0.00249928,0.0001
-0.0017870900000000001,0.00034772399999999999,0.0025249399999999998,0.0001
-0.00124351,0.00094554600000000002,0.0015523500000000001,0.0001
-0.0016329000000000001,0.00090734400000000003,0.0023731099999999999,0.00050000000000000001
-0.0010649500000000001,0.00088358900000000005,0.00161776,0.0001
-0.00113645,0.00077243699999999995,0.00176786,0.0001
-0.0019339699999999999,0.00038883199999999998,0.0023955700000000001,0.0001
-0.00119681,0.00096186799999999995,0.00174614,0.0001
-0.0011009399999999999,0.00042762099999999999,0.0018946499999999999,0.0001
-0.00097694800000000005,0.00028046400000000002,0.00184015,0.0001
-0.00076560500000000004,0.00034019200000000001,0.0019444099999999999,0.0001
-0.00092114900000000001,0.000116865,0.0017395399999999999,0.0001
-0.00025624300000000002,5.6274299999999998e-05,0.0018729300000000001,0.0001
-0.00027546500000000002,0.000243973,0.0019392599999999999,0.0001
-0.00061427900000000002,0.00067478799999999995,0.00192486,0.0001
-0.000591644,0.00014121000000000001,0.0016551199999999999,0.0001
-0.00044660400000000002,0.00059082799999999995,0.0018553300000000001,0.0001
-0.00094552099999999995,0.00072378999999999998,0.00172277,0.0001
-0.00052188699999999996,0.00041289000000000001,0.00180365,0.0001
-0.00037771099999999998,0.00049921099999999995,0.0016914300000000001,0.0001
-0.00063504800000000004,0.00048455599999999997,0.0016551300000000001,0.0001
-0.00040607700000000002,2.2215999999999999e-05,0.0017449099999999999,0.0001
-0.00040581299999999999,0.00044691499999999999,0.00150045,0.0001
-0.00082990699999999995,0.00038537100000000002,0.00175428,0.0001
-0.00078192599999999995,0.00012359400000000001,0.00159611,0.0001
-0.00069658700000000003,0.00050412000000000005,0.0018444100000000001,0.0001
-0.000399365,0.000165883,0.00160593,0.0001
-0.000253911,0.000635445,0.0018256800000000001,0.0001
-0.00066560899999999995,0.00027522499999999998,0.00178385,0.0001
-0.000710715,0.00031044599999999998,0.0015922,0.0001
-0.00080883400000000003,0.00057519299999999999,0.0016949199999999999,0.0001
-0.000988107,0.00090268100000000001,0.00180142,0.0001
-0.00051369499999999999,0.000329291,0.00162097,0.0001
-0.00037933299999999998,0.00027635600000000001,0.00177144,0.0001
-0.00080219999999999998,0.00069045499999999998,0.00185823,0.0001
-0.00043589399999999998,0.00074741100000000002,0.0019792899999999999,0.0001
-9.2855699999999999e-05,0.00078787799999999999,0.0018140999999999999,0.0001
-0.00024574500000000001,0.00079744699999999996,0.00194268,0.0001
-0.00096115999999999997,0.00055098300000000001,0.0018222399999999999,0.0001
-0.000316958,0.00043772499999999997,0.0018717899999999999,0.0001
-0.00083869999999999995,0.00087311799999999998,0.00193104,0.0001
-0.00027526100000000001,0.00098367300000000001,0.0020093799999999998,0.0001
-0.00051907799999999997,0.00015353599999999999,0.0018448399999999999,0.0001
-0.00055654900000000004,0.00048694500000000002,0.0019861700000000002,0.0001
-0.00046426600000000002,0.000305765,0.0019624099999999999,0.0001
-0.00076450400000000005,0.000120876,0.00186382,0.0001
-0.0025018699999999998,0.0013510099999999999,0.0021790799999999999,0.00050000000000000001
-0.0022382399999999998,0.0012934299999999999,0.0015014900000000001,0.0001
-0.00204959,0.0016085299999999999,0.00164247,0.0001
-0.00215818,0.0014270000000000001,0.0016269800000000001,0.0001
-0.0020460999999999999,0.0018746699999999999,0.0016747400000000001,0.0001
-0.0020173499999999998,0.0014547799999999999,0.00176626,0.0001
-0.0018146900000000001,0.0017392600000000001,0.001673,0.0001
-0.00103841,0.00108388,0.0017333299999999999,0.0001
-0.00121879,0.00114741,0.0016747800000000001,0.0001
-0.00108493,0.0016334699999999999,0.00200008,0.00050000000000000001
-0.0019586999999999999,0.0017607600000000001,0.0015355,0.0001
-0.00197752,0.00172496,0.00178824,0.0001
-0.00159508,0.0017327200000000001,0.0017002499999999999,0.0001
-2.65492e-05,0.0019808899999999999,0.0025957200000000001,0.0001
-0.00091958399999999998,0.0010665900000000001,0.0018932700000000001,0.0001
-9.8564400000000001e-05,0.00130843,0.0018039600000000001,0.0001
-0.00054317299999999998,0.00175753,0.00280358,0.00050000000000000001
-0.00069166900000000001,0.00121123,0.0021645700000000002,0.0001
-0.00052584699999999997,0.00143779,0.00190449,0.0001
-0.00031165199999999999,0.00118279,0.0020067100000000001,0.0001
-0.00050711599999999995,0.00103681,0.0014585500000000001,0.00050000000000000001
-0.00050732299999999995,0.0015006100000000001,0.0020934600000000001,0.0001
-0.00015941100000000001,0.00190515,0.0018190400000000001,0.00050000000000000001
-0.00075931499999999999,0.0011295400000000001,0.0019950100000000002,0.0001
-0.000114411,0.0017143,0.0023860999999999999,0.0001
-0.00010236,0.0019866800000000002,0.0024107299999999998,0.0001
-0.00036693499999999998,0.00137499,0.0020084299999999999,0.0001
-6.9681500000000004e-06,0.0017909,0.0025363899999999999,0.0001
-0.00060105499999999997,0.0012787,0.0019995299999999998,0.0001
-0.0025132499999999999,-0.0011339900000000001,0.0029542499999999998,0.00050000000000000001
-0.00250913,-0.00170722,0.0041537800000000001,0.00050000000000000001
-0.0017757000000000001,-0.00143592,0.0035403100000000001,0.00050000000000000001
-0.00108182,-0.00119374,0.0042064199999999998,0.0001
-0.0019416699999999999,-0.00104699,0.0031146500000000001,0.0001
-0.00145079,-0.0011277100000000001,0.0031410100000000001,0.0001
-0.0016219400000000001,-0.00100063,0.0039235700000000004,0.0001
-0.00091553299999999995,-0.0013811100000000001,0.0030446599999999998,0.00050000000000000001
-0.00091409100000000001,-0.00172094,0.0039741899999999998,0.00050000000000000001
-5.5643999999999998e-05,-0.0016961999999999999,0.00346649,0.00050000000000000001
-0.000227128,-0.0010284199999999999,0.0041643299999999999,0.00050000000000000001
-0.000813198,-0.00115613,0.00414972,0.0001
-0.00094017600000000003,-0.0010733100000000001,0.0042801799999999997,0.0001
-0.000327917,-0.00159402,0.0039913099999999996,0.0001
-0.0025089399999999999,-0.00016078800000000001,0.00306559,0.00050000000000000001
-0.0025140399999999999,-0.00077428999999999996,0.0038753699999999999,0.00050000000000000001
-0.0023906499999999998,-0.00023231700000000001,0.0036494499999999998,0.0001
-0.00226815,-0.00027513800000000002,0.0040998400000000004,0.0001
-0.0022474399999999999,-8.3609200000000006e-05,0.0041535799999999996,0.0001
-0.0021159999999999998,-0.00068443200000000001,0.0029637700000000001,0.0001
-0.00202899,-0.00080856999999999999,0.0030942299999999999,0.0001
-0.0021933,-0.000664497,0.00314715,0.0001
-0.0021233300000000001,-0.000805479,0.0032705500000000001,0.0001
-0.0016837200000000001,-0.00036718900000000002,0.0030175699999999998,0.0001
-0.00187101,-0.00087813099999999999,0.0031952399999999998,0.0001
-0.00120882,-3.4823600000000001e-06,0.0029708500000000001,0.00050000000000000001
-0.0010874700000000001,-0.00076450599999999997,0.0037872299999999999,0.00050000000000000001
-0.00180898,-0.00012099600000000001,0.0037457200000000001,0.00050000000000000001
-0.00168239,-0.00070100100000000003,0.00383271,0.0001
-0.0016739599999999999,-0.00088928399999999995,0.0037657900000000002,0.0001
-0.0016273399999999999,-0.00062783499999999998,0.0040105200000000001,0.0001
-0.00040067800000000002,-0.00054664199999999996,0.0031105999999999998,0.00050000000000000001
-0.00080469999999999999,-0.00092658599999999997,0.0042909799999999998,0.0001
-0.0021130200000000002,3.8137499999999999e-05,0.0042378900000000002,0.0001
-0.0025225400000000002,0.00044288200000000002,0.0040691299999999998,0.00050000000000000001
-0.0020546800000000001,0.00070589800000000005,0.0032410400000000002,0.00050000000000000001
-0.0010851599999999999,0.00048177799999999998,0.00396072,0.00050000000000000001
-0.00026216899999999998,0.00053116800000000005,0.0040616899999999997,0.0001
-0.00051926700000000001,0.000829841,0.0037060299999999999,0.0001
-0.00095648599999999999,0.00093182699999999998,0.0031029500000000002,0.00050000000000000001
-0.00023125899999999999,0.00034955499999999998,0.00349067,0.00050000000000000001
-0.00048895799999999995,0.000454263,0.0040223000000000004,0.0001
-0.00066548400000000004,0.00075020299999999996,0.0035952200000000001,0.0001
-0.00052046299999999998,0.00087485600000000003,0.0035111600000000001,0.0001
-5.07281e-05,0.000311928,0.0040616300000000001,0.0001
-0.00020322800000000001,0.00082961000000000005,0.0041293099999999998,0.0001
-5.5412700000000002e-07,2.5726900000000001e-06,0.0039223900000000004,0.0001
-0.000357733,0.00092223200000000004,0.0036173400000000001,0.0001
-0.00041427499999999997,0.00063602500000000002,0.0039850800000000002,0.0001
-0.00037272199999999997,0.00082792,0.0040231599999999996,0.0001
-2.5955199999999998e-05,0.00069651100000000003,0.0039359800000000004,0.0001
-0.00017673299999999999,0.00084256299999999995,0.0038282699999999999,0.0001
-0.00022222799999999999,0.00070602900000000005,0.0039732099999999996,0.0001
-0.00056008999999999996,0.00076054200000000001,0.0040419499999999999,0.0001
-9.6259699999999996e-05,0.00092661100000000004,0.0039909300000000002,0.0001
-9.6211400000000005e-05,0.00064487400000000003,0.00411597,0.0001
-0.0025087099999999999,0.0018887800000000001,0.0029973600000000001,0.00050000000000000001
-0.00250168,0.0013768700000000001,0.00382344,0.00050000000000000001
-0.00163459,0.0015970299999999999,0.00338207,0.00050000000000000001
-0.00021633700000000001,0.0010336399999999999,0.00387208,0.0001
-0.00028339899999999999,0.0017623000000000001,0.0033444099999999999,0.0001
-3.0699800000000001e-06,0.00192161,0.0030069699999999999,0.0001
-0.00013186599999999999,0.00104897,0.0041450699999999998,0.0001
-0.00047285900000000001,0.00128191,0.0031625199999999998,0.0001
-0.00065370900000000004,0.00134504,0.0041399200000000001,0.00050000000000000001
-7.2807500000000004e-05,0.0013385199999999999,0.0039898900000000003,0.0001
-0.00060412900000000002,0.0013872000000000001,0.0032717100000000002,0.0001
-0.00052421499999999997,0.0012406299999999999,0.0033818400000000001,0.0001
-6.7929999999999995e-05,0.0011241000000000001,0.0039711,0.0001
-0.0025058099999999998,-0.00100289,0.0048564599999999999,0.00050000000000000001
-0.0021161800000000001,-0.0018950900000000001,0.0050278600000000003,0.00050000000000000001
-0.0019993099999999998,-0.0013127900000000001,0.0049426100000000001,0.0001
-0.0018313699999999999,-0.00136707,0.0050366899999999999,0.0001
-0.00160508,-0.00123331,0.0044973399999999998,0.00050000000000000001
-0.00107664,-0.00192045,0.0049838900000000004,0.00050000000000000001
-0.0015910500000000001,-0.0016123699999999999,0.0049622199999999998,0.0001
-0.0010579299999999999,-0.0014104899999999999,0.0046683000000000002,0.0001
-0.0010623399999999999,-0.0010093700000000001,0.0046209700000000003,0.0001
-0.00103057,-0.0014042,0.0044702800000000001,0.0001
-0.000857894,-0.00100939,0.0046347699999999999,0.0001
-0.00092141100000000002,-0.00128645,0.0045895299999999997,0.0001
-0.00080596699999999999,-0.0013866600000000001,0.0044605699999999996,0.0001
-0.00095886099999999998,-0.00125837,0.0043537000000000003,0.0001
-0.00076216299999999995,-0.0012527700000000001,0.0043173200000000004,0.0001
-0.00076955100000000005,-0.0010788499999999999,0.0044158000000000001,0.0001
-0.000950971,-0.0011142700000000001,0.0044921700000000002,0.0001
-0.00067936299999999999,-0.00123671,0.0044991400000000004,0.0001
-0.00250447,-1.8484200000000002e-05,0.0049275600000000001,0.00050000000000000001
-0.0010692799999999999,-0.00098078199999999992,0.0044017099999999997,0.0001
-0.00118655,-0.00082077599999999995,0.0043763099999999996,0.0001
-0.0011765199999999999,-0.00086915400000000002,0.0047064400000000001,0.0001
-0.00132157,-0.00029245299999999997,0.0046265899999999999,0.00050000000000000001
-0.00106686,-0.000828161,0.0045363699999999996,0.0001
-0.0010453999999999999,-0.000141089,0.0051373,0.0001
-0.00034044799999999998,-0.00090748100000000002,0.0047409899999999996,0.0001
-0.00035033699999999999,-0.00072250999999999999,0.00466557,0.0001
-0.00052644699999999998,-0.00089896500000000005,0.0046679699999999996,0.0001
-0.00067567300000000001,-0.00097603999999999996,0.00455938,0.0001
-0.00093707399999999998,-0.00066807499999999996,0.0043600100000000001,0.0001
-0.00063077100000000002,-0.000781757,0.0045439599999999997,0.0001
-0.00089591699999999998,-0.00090609000000000002,0.0044677800000000002,0.0001
-0.00076390500000000005,-0.00076140300000000001,0.0043961,0.0001
-0.00011042799999999999,-0.00098999799999999996,0.0047516199999999998,0.0001
-0.00020351399999999999,-0.00060831700000000004,0.0045920600000000002,0.0001
-0.00048704199999999998,-0.00064268300000000001,0.0045433399999999999,0.0001
-0.00037985500000000001,-7.5168799999999998e-05,0.0043807400000000002,0.00050000000000000001
-0.00061845599999999998,-0.00062566200000000003,0.0043756300000000001,0.0001
-0.00058446699999999997,-0.000505887,0.0052575599999999997,0.00050000000000000001
-0.00077749500000000001,-0.000136625,0.0048258299999999997,0.0001
-0.00088943400000000004,-6.3856999999999995e-05,0.0049747400000000001,0.0001
-0.00021879500000000001,-0.00064827199999999998,0.0057114399999999999,0.0001
-0.0023526200000000001,0.00068435299999999996,0.0045914600000000003,0.0001
-0.0024273300000000001,0.00064233900000000002,0.0056741200000000004,0.00050000000000000001
-0.0010467600000000001,3.6910499999999998e-05,0.0050461100000000004,0.0001
-0.0012813600000000001,0.000306557,0.0048865200000000001,0.0001
-0.0012314699999999999,0.000297006,0.0046930799999999996,0.0001
-0.0017659100000000001,0.00058741100000000003,0.00467126,0.00050000000000000001
-0.0015381500000000001,0.00020085900000000001,0.0055538699999999998,0.00050000000000000001
-0.0012736399999999999,0.000291563,0.0044976499999999997,0.0001
-0.00113378,0.00018296499999999999,0.0049407799999999997,0.0001
-0.00056087900000000002,0.00018752600000000001,0.0050992900000000002,0.0001
-0.00090162800000000002,0.00014783999999999999,0.0051275399999999999,0.0001
-0.00093106299999999999,9.6821299999999994e-05,0.00486317,0.0001
-0.00072991099999999997,0.000101203,0.00503623,0.0001
-0.00094337900000000005,0.000126472,0.0044229500000000001,0.0001
-0.00058568800000000001,2.5302599999999999e-06,0.0049389500000000001,0.0001
-0.00048910700000000002,0.000179801,0.0049127700000000003,0.0001
-0.00081121600000000002,0.00068460799999999996,0.00487514,0.00050000000000000001
-0.00073293299999999996,9.09924e-05,0.0048365099999999996,0.0001
-0.0025090799999999999,0.0012232199999999999,0.0048039299999999997,0.00050000000000000001
-0.0016392900000000001,0.0015274500000000001,0.0043728999999999999,0.00050000000000000001
-0.00169501,0.0012729600000000001,0.0053707399999999997,0.00050000000000000001
-0.00019107099999999999,0.0014827200000000001,0.0056324299999999999,0.0001
-0.00027514500000000002,0.0014887500000000001,0.0050383800000000003,0.00050000000000000001
-0.0025080599999999999,-0.00137064,0.0057820399999999996,0.00050000000000000001
-0.0025047899999999998,-0.00188164,0.0066626400000000001,0.00050000000000000001
-0.00222039,-0.0018661999999999999,0.0059599800000000001,0.0001
-0.00217512,-0.00174485,0.0061123699999999998,0.0001
-0.00163013,-0.00180788,0.0058694400000000001,0.00050000000000000001
-0.0015049,-0.0012470199999999999,0.0066662500000000003,0.00050000000000000001
-0.00076174499999999998,-0.0013260800000000001,0.0057936100000000003,0.00050000000000000001
-8.3548500000000001e-06,-0.0019770899999999999,0.0058190200000000003,0.00050000000000000001
-0.00073607800000000004,-0.0018737300000000001,0.0066355800000000003,0.00050000000000000001
-0.00045978000000000002,-0.0017256699999999999,0.0061239800000000002,0.0001
-0.000187391,-0.0014175800000000001,0.0059410699999999997,0.0001
-0.00027633099999999999,-0.0015146300000000001,0.0060916399999999997,0.0001
-0.00022890599999999999,-0.0012641,0.00606238,0.0001
-0.0025056100000000001,-0.00038358499999999998,0.0058306599999999997,0.00050000000000000001
-0.00245451,-0.00089827799999999997,0.0066652500000000002,0.00050000000000000001
-0.00168582,-0.00032461300000000002,0.0063809000000000001,0.00050000000000000001
-0.0018707699999999999,-0.000775828,0.0067304699999999997,0.0001
-0.000114546,-0.00017850599999999999,0.00606984,0.00050000000000000001
-0.00053738400000000002,-0.00087061899999999999,0.0066539299999999997,0.00050000000000000001
-0.00015755700000000001,-0.00040718800000000001,0.0066228800000000003,0.0001
-0.00026002600000000001,-0.000300301,0.0067573299999999998,0.0001
-2.8516800000000001e-05,-0.00066292200000000003,0.0064132700000000004,0.0001
-0.00037820399999999999,-0.00029502,0.0065960599999999999,0.0001
-0.000101962,-0.00019640200000000001,0.0066923599999999996,0.0001
-6.7828200000000002e-05,-5.7410099999999996e-06,0.0066425299999999998,0.0001
-0.00026387600000000002,-8.9380800000000003e-05,0.0066440900000000001,0.0001
-3.1871e-05,-0.000470545,0.0067649700000000004,0.0001
-0.0025113800000000001,0.00013904100000000001,0.0066649700000000001,0.00050000000000000001
-0.0016567400000000001,0.00063161800000000002,0.0066498800000000004,0.00050000000000000001
-8.7002400000000006e-05,0.00022084399999999999,0.0065167899999999997,0.0001
-3.6715000000000003e-05,0.00055529400000000001,0.00648461,0.0001
-0.00022911000000000001,9.9700100000000004e-05,0.0065889499999999997,0.0001
-8.6902200000000003e-05,0.00055133500000000002,0.0062910500000000003,0.0001
-0.000102804,0.000723399,0.0061903499999999998,0.0001
-7.8924900000000001e-05,0.00053321300000000005,0.0058456799999999998,0.0001
-0.00067502100000000004,0.00060154100000000003,0.0058449499999999998,0.00050000000000000001
-0.000133397,0.00035007700000000002,0.0057865700000000004,0.0001
-0.00083788199999999997,8.3173900000000007e-05,0.0066713299999999996,0.00050000000000000001
-0.00056681500000000003,0.00061207199999999996,0.0064350199999999996,0.0001
-0.000157114,0.00036476899999999998,0.0063969099999999996,0.0001
-0.00034473499999999999,0.00041262200000000002,0.0065460700000000002,0.0001
-0.000104918,0.00060126600000000004,0.0060319800000000002,0.0001
-0.00026360899999999999,0.00046324000000000002,0.0062592100000000003,0.0001
-0.00026914300000000001,0.00066177499999999997,0.0062827200000000003,0.0001
-0.00016032899999999999,0.000419269,0.0060936799999999998,0.0001
-0.000389319,0.00030976199999999999,0.0062845399999999999,0.0001
-0.00024331999999999999,0.00083159,0.0063882599999999998,0.0001
-7.3060900000000004e-05,0.00072665399999999997,0.0063880999999999999,0.0001
-0.00029747999999999998,0.00023771600000000001,0.0064613700000000001,0.0001
-0.000425501,0.00075115800000000003,0.0063696899999999999,0.0001
-0.00042367499999999998,0.00048494500000000003,0.0063771399999999999,0.0001
-0.000149457,0.00042582600000000003,0.0065872099999999996,0.0001
-0.00023610999999999999,0.00054328099999999995,0.0064404199999999997,0.0001
-0.00021080400000000001,0.00089144199999999999,0.0062002200000000002,0.0001
-0.00039617999999999999,0.00092166600000000002,0.0062689399999999998,0.0001
-0.00031201599999999998,0.00070621200000000001,0.0065281200000000001,0.0001
-0.0025074300000000002,0.0016306999999999999,0.0058034599999999999,0.00050000000000000001
-0.0025084299999999999,0.0011297200000000001,0.0066589500000000003,0.00050000000000000001
-0.00136926,0.0011202300000000001,0.0068463999999999999,0.0001
-0.0016439099999999999,0.00162269,0.0066672500000000004,0.00050000000000000001
-7.2372600000000006e-05,0.0010233600000000001,0.0063315799999999998,0.0001
-0.00087471499999999998,0.0015735199999999999,0.0058161100000000002,0.00050000000000000001
-0.00035518000000000002,0.0013907500000000001,0.0060541800000000002,0.0001
-0.000200256,0.0011443600000000001,0.0062366799999999997,0.0001
-0.00034054700000000002,0.0013064000000000001,0.0058734299999999998,0.0001
-0.00049487900000000004,0.0016105799999999999,0.0068250100000000003,0.0001
-0.00019668999999999999,0.00132872,0.00615922,0.0001
-0.00041672299999999997,0.00174814,0.0061621599999999999,0.0001
-0.00028551299999999999,0.0014968900000000001,0.0058995899999999997,0.0001
-0.00033362000000000002,0.0015885000000000001,0.00607494,0.0001
-0.00038133699999999998,0.0011182,0.0059274599999999998,0.0001
-0.00053260299999999998,0.00114405,0.0060580199999999999,0.0001
-0.00036225299999999999,0.00120998,0.0061394700000000002,0.0001
-0.00032094399999999998,0.0010191499999999999,0.0060903700000000003,0.0001
-0.00031917300000000002,0.00185159,0.0063028099999999998,0.0001
-0.00079425100000000005,0.00111265,0.0066752199999999999,0.00050000000000000001
-0.000147035,0.0014839600000000001,0.0060433099999999997,0.0001
0.00074322899999999998,-0.0011883600000000001,0.00048991699999999998,0.00050000000000000001
0.00058423500000000001,-0.0016625100000000001,0.00133902,0.00050000000000000001
0.00064134100000000002,-0.00112542,0.0010778000000000001,0.0001
0.00038643899999999998,-0.0016245299999999999,0.0001,0.0001
0.000354407,-0.0014268600000000001,0.0001,0.0001
0.00015869899999999999,-0.0013854,0.0001,0.0001
0.00028935899999999999,-0.00123375,0.0001,0.0001
0.00092428900000000001,-0.00160691,0.0001,0.0001
0.0012575900000000001,-0.00161315,0.000117333,0.0001
0.00161381,-0.00143005,0.00093320499999999999,0.00050000000000000001
0.0018330200000000001,-0.0019823699999999998,0.00101622,0.0001
0.00182523,-0.0019506199999999999,0.00121353,0.0001
0.0019248399999999999,-0.0017897099999999999,0.0012991299999999999,0.0001
0.0019050099999999999,-0.0011029,0.00134329,0.0001
0.00166164,-0.00123694,0.0001,0.0001
0.0019763900000000002,-0.00187575,0.0011060899999999999,0.0001
0.00126676,-0.0018124899999999999,0.0001,0.0001
0.00195933,-0.0012861700000000001,0.00140215,0.0001
0.0019651400000000002,-0.00197628,0.0013588700000000001,0.0001
0.0012460800000000001,-0.00118983,0.0001,0.0001
0.0011782299999999999,-0.00137798,0.0001,0.0001
0.0017918000000000001,-0.00181004,0.0001,0.0001
0.0018573800000000001,-0.0015608900000000001,0.0001,0.0001
0.00189358,-0.0013611700000000001,0.0001,0.0001
0.0016932099999999999,-0.0014349899999999999,0.0001,0.0001
0.0016150699999999999,-0.00104243,0.0001,0.0001
0.00112345,-0.00108442,0.00094227700000000005,0.0001
0.00183303,-0.0011335799999999999,0.0001,0.0001
0.00158949,-0.0016736100000000001,0.0001,0.0001
0.00108734,-0.00172276,0.0001,0.0001
0.0019952799999999999,-0.0017058399999999999,0.0001,0.0001
0.0014613600000000001,-0.00121236,0.0001,0.0001
0.0015275200000000001,-0.0018771300000000001,0.0001,0.0001
0.00141731,-0.0010125500000000001,0.0001,0.0001
0.0011480399999999999,-0.00180466,0.00088098199999999999,0.0001
0.00203061,-0.0011648800000000001,0.0001,0.0001
0.0020934899999999999,-0.00135491,0.0001,0.0001
0.00223025,-0.00117713,0.0001,0.0001
0.0020862200000000002,-0.00188535,0.0001,0.0001
0.0020278800000000001,-0.0015954400000000001,0.0013346899999999999,0.0001
0.0021426700000000002,-0.00148543,0.00121112,0.0001
0.0020742099999999999,-0.0017204399999999999,0.0011856,0.0001
0.00250519,-0.00153053,0.00050006699999999998,0.00050000000000000001
0.0022088400000000001,-0.0014135199999999999,0.00100848,0.0001
0.00213905,-0.0017200799999999999,0.00093597000000000005,0.0001
0.0022177999999999998,-0.0019390099999999999,0.00083256699999999999,0.0001
0.0023780799999999999,-0.0017309000000000001,0.00105115,0.0001
0.00222631,-0.0016023400000000001,0.0010720599999999999,0.0001
0.0020154700000000001,-0.00187517,0.00090994199999999996,0.0001
0.0025255799999999999,-0.0018571,0.001003,0.0001
0.0025000000000000001,-0.00102866,0.0013649999999999999,0.00050000000000000001
0.0028996899999999999,-0.00175763,0.0001,0.0001
0.0027451699999999999,-0.0019078299999999999,9.9999499999999997e-05,0.0001
0.0022087000000000001,-0.0018309800000000001,0.0010871399999999999,0.0001
0.0029000100000000002,-0.0013206699999999999,9.9989900000000003e-05,0.0001
0.0025402599999999999,-0.00199556,0.00114748,0.0001
0.0028999999999999998,-0.001804,0.00085970700000000003,0.0001
0.00239485,-0.0019638699999999999,0.0001,0.0001
0.0021165699999999999,-0.0019160900000000001,0.00124292,0.0001
0.0028999999999999998,-0.00193246,0.00070641699999999998,0.0001
0.0027309000000000001,-0.00184574,0.00095800099999999999,0.0001
0.0023599599999999999,-0.0019176200000000001,0.0011851699999999999,0.0001
0.0028999999999999998,-0.0019122099999999999,0.00025830599999999998,0.0001
0.0028998399999999999,-0.0011203700000000001,9.9999800000000004e-05,0.0001
0.0027344100000000001,-0.0019519400000000001,0.00112744,0.0001
0.0028999999999999998,-0.0015757,0.00094960400000000005,0.0001
0.0024927700000000001,-0.0015674700000000001,0.0010988,0.0001
0.0028999999999999998,-0.00194239,0.0010156900000000001,0.0001
0.0026366499999999999,-0.0017009,0.0010601499999999999,0.0001
0.0028999999999999998,-0.00174614,0.00105423,0.0001
0.0022900500000000001,-0.0019008600000000001,0.0013718000000000001,0.0001
0.0022599600000000001,-0.0017392600000000001,0.00125731,0.0001
0.0025108800000000001,-0.0017864599999999999,0.0011900000000000001,0.0001
0.0028999999999999998,-0.0016414299999999999,0.00122463,0.0001
0.00273843,-0.0017729200000000001,0.00121653,0.0001
0.0027684099999999998,-0.00145045,0.00103326,0.0001
0.0021072999999999999,-0.0017727699999999999,0.0013821,0.0001
0.00254148,-0.0019966799999999998,0.0013474699999999999,0.0001
0.0028999999999999998,-0.00114229,0.00073112899999999996,0.0001
0.0027001099999999999,-0.00187966,0.00138126,0.0001
0.0028999999999999998,-0.00147489,0.0013353799999999999,0.0001
0.0028999999999999998,-0.00185972,0.0012962799999999999,0.0001
0.0024164299999999998,-0.0016162699999999999,0.0012771,0.0001
0.0028999999999999998,-0.0011254800000000001,0.00029993400000000002,0.0001
0.0027176800000000001,-0.00156865,0.0011864200000000001,0.0001
0.0024821299999999999,-0.0018097199999999999,0.0013865500000000001,0.0001
0.0028109699999999999,-0.00170783,0.0013911800000000001,0.0001
0.0026053199999999999,-0.0016657200000000001,0.0013204,0.0001
0.0022189100000000002,-0.0015585099999999999,0.0013809600000000001,0.0001
0.0021388599999999998,-0.0019998899999999998,0.00100596,0.0001
0.0026719700000000001,-0.0010758499999999999,0.0001,0.0001
2.4266699999999999e-05,-0.00092946200000000004,0.0001,0.0001
0.00040702799999999998,-0.00013175799999999999,0.0001,0.0001
0.00021235500000000001,-1.02911e-05,0.0001,0.0001
0.00096408599999999996,-0.000243191,0.0001,0.0001
8.5507599999999994e-05,-0.00045381000000000002,0.00049103299999999999,0.00050000000000000001
0.00045085299999999997,-0.00065006500000000002,0.00139036,0.00050000000000000001
0.00065689899999999996,-0.00073472499999999998,0.0001,0.0001
0.00043363599999999999,-0.00077614399999999999,0.0001,0.0001
0.00030065700000000002,-0.00097343400000000002,0.0001,0.0001
0.00052842799999999995,-0.00034589799999999997,0.0001,0.0001
0.00066932600000000004,-1.8703400000000001e-05,0.0001,0.0001
0.00072254899999999996,-0.000392414,0.00012057600000000001,0.0001
0.0010080200000000001,-0.00073894499999999997,0.00079041699999999996,0.0001
0.0010452,-0.00065058100000000001,0.0001,0.0001
0.00107748,-0.00084980199999999998,0.0001,0.0001
0.0017863200000000001,-0.00093910700000000001,0.0001,0.0001
0.00121838,-0.00099175299999999995,0.0001,0.0001
0.00116412,-0.00024280999999999999,0.0001,0.0001
0.0020010399999999999,-0.00096341999999999999,0.0001,0.0001
0.00105233,-0.00043344500000000002,0.0001,0.0001
0.0019027200000000001,-0.00077647399999999998,0.0001,0.0001
0.00134165,-0.00012724200000000001,0.0001,0.0001
0.0012237400000000001,-0.00099609500000000001,0.00079347599999999999,0.0001
0.00149742,-0.00055977399999999997,0.00048570800000000001,0.00050000000000000001
0.0019513600000000001,-0.000485825,0.0001,0.0001
0.00162652,-0.000116079,0.0001,0.0001
0.00182614,-0.000103445,0.0001,0.0001
0.00187703,-0.00030006500000000002,0.0001,0.0001
0.0023178700000000001,-0.00098912900000000005,0.0001,0.0001
0.0021514899999999998,-0.00083161699999999999,0.0001,0.0001
0.00206047,-0.00065353000000000004,0.0001,0.0001
0.0028999999999999998,-0.00098449499999999994,0.00044179100000000003,0.0001
0.0028980500000000001,-0.00096390199999999999,0.00064071899999999999,0.0001
0.0028998499999999998,-0.00075741100000000004,0.0001,0.0001
0.0024999699999999998,-0.00054018499999999999,0.00049242100000000005,0.00050000000000000001
0.0028999999999999998,-0.00032580100000000002,9.9992699999999996e-05,0.0001
0.0023929899999999998,-9.5667099999999998e-05,0.0001,0.0001
0.0028999999999999998,-0.00085595099999999998,0.00080907099999999997,0.0001
0.0022139500000000001,-0.000184842,0.0001,0.0001
0.0026999599999999999,-0.00013235499999999999,0.0001,0.0001
0.00209093,-0.00034256,0.0001,0.0001
0.0028998700000000001,-0.000125766,0.0001,0.0001
0.0028999999999999998,-0.00068633699999999997,0.00091505000000000004,0.0001
0.0020257500000000002,-0.000116816,0.0001,0.0001
0.0021554399999999998,-6.2313700000000006e-05,0.00060616299999999995,0.0001
0.00045976600000000002,6.1163700000000005e-05,0.0001,0.0001
0.00090691800000000005,0.00028764799999999999,0.0001,0.0001
0.00034792599999999998,0.00022697,0.0001,0.0001
0.00094546099999999998,0.00050311500000000005,0.0001,0.0001
0.00091999200000000001,0.00072129799999999999,0.0001,0.0001
0.00056949400000000003,0.000228376,9.9999899999999998e-05,0.0001
2.57334e-05,6.1628499999999994e-05,0.0001,0.0001
0.000148016,0.00022096799999999999,0.0001,0.0001
8.2204299999999995e-05,0.00040983000000000003,0.0001,0.0001
0.00045591499999999999,0.00066825800000000002,0.00049192300000000001,0.00050000000000000001
0.00085641299999999999,0.0006556,0.00093851099999999995,0.0001
0.00098551600000000008,0.0009892569999999999,0.0001,0.0001
0.0011023000000000001,0.000131901,0.0001,0.0001
0.0010993699999999999,0.00034547100000000003,0.0001,0.0001
0.00131894,0.00026491299999999998,0.0001,0.0001
0.0011073000000000001,0.00064199999999999999,0.0001,0.0001
0.00132066,0.000814568,0.0001,0.0001
0.0014761399999999999,2.0909900000000001e-05,0.0001,0.0001
0.0014908499999999999,0.00091985299999999999,0.0001,0.0001
0.0012977100000000001,0.00050736800000000001,0.0001,0.0001
0.0017653199999999999,0.000377506,0.000486317,0.00050000000000000001
0.0010154999999999999,9.1520499999999999e-05,0.0010669799999999999,0.00050000000000000001
0.0017005,0.00088398899999999996,0.0001,0.0001
0.00186615,0.00099660000000000005,0.0001,0.0001
0.0027980700000000002,4.8605500000000001e-05,0.0001,0.0001
0.0027648999999999998,0.00039335100000000001,0.0001,0.0001
0.0022747800000000001,7.2310000000000004e-05,0.0001,0.0001
0.0026573399999999998,0.00019424899999999999,0.0001,0.0001
0.0025652399999999999,0.00038150100000000002,0.0001,0.0001
0.0026543700000000001,0.00056086500000000002,0.0001,0.0001
0.0024096600000000001,0.00025582900000000001,0.0001,0.0001
0.0024963199999999998,7.5572099999999994e-05,0.0001,0.0001
0.0024044000000000001,0.00055248000000000005,0.0001,0.0001
0.0022097699999999998,0.00026250900000000002,0.0001,0.0001
0.0028999799999999999,0.00022097999999999999,0.0001,0.0001
0.0028999999999999998,0.00054237800000000004,0.0001,0.0001
0.0029000100000000002,0.00074269199999999998,9.9992600000000002e-05,0.0001
0.0027285999999999999,0.00078803800000000002,0.0010018500000000001,0.0001
0.00251739,0.000235262,0.0011041099999999999,0.00050000000000000001
0.0020553500000000001,0.00091642399999999999,0.0001,0.0001
0.0028999999999999998,0.00069331500000000001,0.00104246,0.0001
0.00209669,0.00071651099999999997,0.0001,0.0001
0.0028999999999999998,0.00085117099999999996,0.00091965899999999997,0.0001
0.0021793099999999998,0.00064645499999999999,0.00082731099999999995,0.0001
0.0026745800000000002,0.00082812399999999996,0.00119019,0.0001
0.0025717499999999998,0.00095837899999999998,0.00107857,0.0001
0.0024746099999999999,0.00082696500000000004,0.0011938700000000001,0.0001
0.0028999999999999998,0.00067935700000000001,0.00124198,0.0001
0.0028999999999999998,0.00086135200000000002,0.0011509199999999999,0.0001
0.00280043,0.00081864600000000002,0.00134534,0.0001
0.00279043,0.00097696700000000003,0.00102998,0.0001
0.0026620300000000001,0.00095209600000000004,0.0014004600000000001,0.0001
0.0028742199999999998,0.0009976029999999999,0.0012950399999999999,0.0001
0.0028999999999999998,0.00057787699999999997,0.0014143199999999999,0.0001
0.0025779399999999999,0.000775842,0.00135731,0.0001
0.000330627,0.00164956,0.0001,0.0001
0.00013210199999999999,0.0016248499999999999,0.0001,0.0001
0.000875942,0.00183621,0.00048476500000000001,0.00050000000000000001
0.00037103899999999998,0.0013766200000000001,0.0011876,0.00050000000000000001
0.00045719899999999998,0.0012296500000000001,0.0001,0.0001
0.000801044,0.00133303,0.0001,0.0001
0.00099380699999999998,0.0012785100000000001,0.0001,0.0001
0.00146426,0.0012081100000000001,0.0001,0.0001
0.00164266,0.00132062,0.0001,0.0001
0.0019599700000000001,0.0011732400000000001,0.0001,0.0001
0.0011934700000000001,0.00146842,0.0001,0.0001
0.0014590199999999999,0.00149731,0.0001,0.0001
0.0013357499999999999,0.0017059499999999999,0.0001,0.0001
0.0013279699999999999,0.0019714300000000001,0.0001,0.0001
0.0013475200000000001,0.0016472100000000001,0.00080397300000000004,0.0001
0.0018556499999999999,0.00172299,0.00049403800000000003,0.00050000000000000001
0.00128269,0.0010761499999999999,0.00097627300000000005,0.00050000000000000001
0.00190577,0.0018532900000000001,0.00127268,0.0001
0.0019426199999999999,0.0018060299999999999,0.00108187,0.0001
0.0028999999999999998,0.0016063,0.0012867899999999999,0.0001
0.0027007099999999998,0.0016250399999999999,0.00125237,0.0001
0.0023778200000000001,0.0018969200000000001,0.0013039099999999999,0.0001
0.0027858499999999999,0.00131054,0.0013987800000000001,0.0001
0.00212626,0.00128437,0.0001,0.0001
0.0028963700000000001,0.0019702999999999999,0.0014016,0.0001
0.0028999999999999998,0.0011482700000000001,0.00142402,0.0001
0.0028999999999999998,0.0017705799999999999,0.00141187,0.0001
0.0027329300000000002,0.0019960500000000001,0.00078993499999999996,0.0001
0.0028999999999999998,0.0019640399999999998,0.00120173,0.0001
0.0027244499999999998,0.0019410300000000001,0.00129609,0.0001
0.0022268600000000002,0.00146426,9.9999200000000003e-05,0.0001
0.0026336200000000001,0.00197948,0.00096274299999999995,0.0001
0.00230328,0.0019025800000000001,0.00111841,0.0001
0.0025887499999999999,0.0017753300000000001,0.00132222,0.0001
0.0021859599999999998,0.0019297800000000001,0.0013498200000000001,0.0001
0.0024350000000000001,0.0019658499999999999,0.0009818540000000001,0.0001
0.0028999799999999999,0.0019203,0.00087026699999999998,0.0001
0.0028231799999999998,0.00178119,0.00122751,0.0001
0.0023168500000000001,0.0018874300000000001,0.00084081399999999995,0.0001
0.0028999999999999998,0.0019634000000000001,0.00041491500000000002,0.0001
0.00209815,0.0018947199999999999,0.00117099,0.0001
0.0027409600000000002,0.0018138,0.00093068100000000004,0.0001
0.0025536399999999998,0.0019074999999999999,0.00079359299999999999,0.0001
0.0027828599999999998,0.00194674,0.00059832600000000004,0.0001
0.00255865,0.00173778,0.00089929099999999998,0.0001
0.0027054000000000002,0.0017910700000000001,0.00073518300000000004,0.0001
0.0028668000000000001,0.00164058,0.0010921399999999999,0.0001
0.0027101500000000001,0.0019005700000000001,0.00041782100000000002,0.0001
0.0025929299999999998,0.0018840599999999999,0.000598041,0.0001
0.0028999999999999998,0.0017541900000000001,0.00040474,0.0001
0.00251673,0.0017323799999999999,0.00070380799999999999,0.0001
0.0027256899999999998,0.0015051400000000001,0.0010502899999999999,0.0001
0.0028999999999999998,0.00181884,0.00069791799999999995,0.0001
0.0025653799999999999,0.0015413600000000001,0.00093632399999999999,0.0001
0.0024038800000000002,0.0019004600000000001,0.00066121500000000004,0.0001
0.0025893000000000001,0.00192585,0.00026047400000000001,0.0001
0.0023605800000000001,0.0016743299999999999,0.00081447900000000001,0.0001
0.00272339,0.0017432700000000001,0.00054181300000000004,0.0001
0.0024204500000000002,0.00185064,0.00033682999999999999,0.0001
0.0021860600000000001,0.0018066099999999999,0.00098783599999999997,0.0001
0.0026549199999999998,0.0017187299999999999,0.00035550799999999999,0.0001
0.0024536800000000002,0.00176673,0.00051530900000000004,0.0001
0.0028254700000000001,0.00186619,0.00025674399999999999,0.0001
0.0028999999999999998,0.00165745,0.00057978499999999998,0.0001
0.0027340099999999998,0.0014884099999999999,0.00084149599999999995,0.0001
0.0027049399999999999,0.0018962600000000001,9.9999600000000004e-05,0.0001
0.0027203700000000002,0.00170838,0.00016680699999999999,0.0001
0.0028999999999999998,0.0014203600000000001,0.00028478299999999999,0.0001
0.00248541,0.0018578100000000001,0.0001,0.0001
0.00238507,0.0015483599999999999,0.00027216399999999998,0.0001
0.0026358100000000001,0.0013549600000000001,0.00095351300000000002,0.0001
0.0025177099999999998,0.00100237,0.00048262700000000001,0.00050000000000000001
0.0028863000000000001,0.00163127,0.00024756499999999999,0.0001
0.0028999999999999998,0.0019655699999999998,9.9999699999999997e-05,0.0001
0.00271411,0.00142073,9.9999800000000004e-05,0.0001
0.0023496900000000002,0.0016777700000000001,0.0001,0.0001
0.00250862,0.00159913,0.00042101900000000002,0.0001
0.0028999999999999998,0.0014609600000000001,0.000542224,0.0001
0.0024266700000000001,0.0014554699999999999,9.9998899999999996e-05,0.0001
0.0028990499999999998,0.00149687,9.9999899999999998e-05,0.0001
0.0024287599999999999,0.00158326,0.00060369500000000001,0.0001
0.0022848600000000001,0.00186867,0.0001,0.0001
0.0029000100000000002,0.0012619700000000001,9.9977900000000004e-05,0.0001
0.0028999999999999998,0.0017655699999999999,0.0001,0.0001
0.0026927299999999999,0.0015330400000000001,0.00026409900000000001,0.0001
0.0025866000000000001,0.0015755599999999999,9.9999600000000004e-05,0.0001
0.0025728700000000001,0.0015432200000000001,0.00073647399999999998,0.0001
0.0028999999999999998,0.0011124399999999999,0.00093178399999999995,0.0001
0.00218798,0.00132979,0.0013520299999999999,0.00050000000000000001
0.0023200600000000001,0.0014804900000000001,0.00078648499999999996,0.0001
0.0025018599999999998,0.00170441,0.00022734400000000001,0.0001
0.0028999999999999998,0.00135289,0.00078427499999999997,0.0001
0.0023826799999999999,0.0017700000000000001,0.0009887190000000001,0.0001
0.0026669699999999998,0.00113317,0.00104885,0.0001
0.00278364,0.00158329,0.00043501100000000001,0.0001
0.0028999999999999998,0.0015496100000000001,0.00074822199999999999,0.0001
0.0024853100000000001,0.00181229,0.0011550899999999999,0.0001
0.0028999999999999998,0.0013045999999999999,0.00098724199999999994,0.0001
0.0028999999999999998,0.0015015199999999999,0.00095228499999999998,0.0001
0.0027399799999999999,0.0015462099999999999,0.00062663200000000001,0.0001
0.00260757,0.0016720299999999999,0.0010817299999999999,0.0001
0.002745,0.0013055499999999999,0.00111363,0.0001
0.0028999899999999999,0.0011102,0.00113177,0.0001
0.0028999999999999998,0.0017110000000000001,0.00086635499999999997,0.0001
0.00269221,0.00103264,0.0012199000000000001,0.0001
0.0027875700000000001,0.0014449,0.0012506399999999999,0.0001
0.0028999999999999998,0.00128002,0.00123741,0.0001
0.0026762299999999999,0.00185692,0.00111494,0.0001
0.0028999999999999998,0.00183333,0.00105036,0.0001
0.00094985999999999996,-0.0011335099999999999,0.0020990000000000002,0.00050000000000000001
0.00015506100000000001,-0.0019806699999999999,0.00251074,0.0001
0.00041543599999999998,-0.0016856600000000001,0.0027600200000000002,0.0001
6.9431199999999993e-05,-0.00157211,0.0016336499999999999,0.0001
0.000218035,-0.00198431,0.00270053,0.0001
0.00027842699999999998,-0.0018244299999999999,0.0028044200000000002,0.0001
0.00023986799999999999,-0.0011999700000000001,0.00150476,0.0001
0.000140104,-0.0010964,0.00164376,0.0001
0.00117066,-0.0016435600000000001,0.00187302,0.0001
0.0018991699999999999,-0.0016621299999999999,0.00159953,0.0001
0.0016748799999999999,-0.00170429,0.0024640199999999999,0.00050000000000000001
0.00116446,-0.00141289,0.0025846900000000002,0.0001
0.0018,-0.0017071199999999999,0.00143177,0.0001
0.00140047,-0.0011715300000000001,0.0024933500000000001,0.0001
0.0019273599999999999,-0.0018435599999999999,0.0015036400000000001,0.0001
0.00119126,-0.0018745700000000001,0.0027756600000000001,0.0001
0.0010904700000000001,-0.0015701599999999999,0.0024857400000000002,0.0001
0.0014850900000000001,-0.0011754599999999999,0.0026745200000000001,0.0001
0.0012168299999999999,-0.0016008699999999999,0.0028375100000000001,0.0001
0.0018895100000000001,-0.00152082,0.0014583300000000001,0.0001
0.0019892,-0.0019783100000000001,0.00163809,0.0001
0.0012484099999999999,-0.00122641,0.0026110999999999999,0.0001
0.00176088,-0.0011801100000000001,0.0014584699999999999,0.0001
0.00129564,-0.00102301,0.0025767300000000002,0.0001
0.00126789,-0.0013688699999999999,0.0027501100000000001,0.0001
0.00188259,-0.00178864,0.00175354,0.0001
0.00176541,-0.0013730599999999999,0.00151093,0.0001
0.0016582400000000001,-0.00158964,0.0015098799999999999,0.0001
0.00195758,-0.00147536,0.0016408099999999999,0.0001
0.0019325200000000001,-0.0011118499999999999,0.00154119,0.0001
0.0028584299999999999,-0.0014668999999999999,0.0019236699999999999,0.0001
0.0025374600000000001,-0.0014251400000000001,0.0018137800000000001,0.0001
0.0020519800000000001,-0.0017819400000000001,0.0016474199999999999,0.0001
0.0028999999999999998,-0.0012566999999999999,0.0017497000000000001,0.0001
0.0021152699999999998,-0.0019429099999999999,0.0014869200000000001,0.0001
0.0028999999999999998,-0.0015734799999999999,0.0015096,0.0001
0.00268418,-0.0015864900000000001,0.0014870899999999999,0.0001
0.0023615099999999998,-0.00195043,0.0015518999999999999,0.0001
0.0021536200000000002,-0.0014359100000000001,0.00163733,0.0001
0.0024871300000000002,-0.00161841,0.00147466,0.0001
0.0020739500000000002,-0.00144166,0.00145397,0.0001
0.0020932699999999999,-0.00162922,0.0015206600000000001,0.0001
0.0023158800000000002,-0.0017189200000000001,0.00145071,0.0001
0.0027579499999999999,-0.0019873,0.00153959,0.0001
0.0028999999999999998,-0.0015495699999999999,0.0017463699999999999,0.0001
0.0023967799999999998,-0.00189865,0.0017418399999999999,0.0001
0.0028999999999999998,-0.00185337,0.0014961799999999999,0.0001
0.0025693600000000001,-0.00191892,0.00152961,0.0001
0.0027261,-0.0014985599999999999,0.00166176,0.0001
0.0028999999999999998,-0.0014015900000000001,0.0016118300000000001,0.0001
0.00217169,-0.0018107100000000001,0.00180503,0.0001
0.0022494199999999998,-0.00179992,0.0016210700000000001,0.0001
0.0028797200000000001,-0.0017201899999999999,0.0016440000000000001,0.0001
0.0023481999999999999,-0.00166288,0.0017281200000000001,0.0001
0.0024994800000000001,-0.00154991,0.00166215,0.0001
0.0021532000000000001,-0.0016217200000000001,0.0017113199999999999,0.0001
0.0022962600000000001,-0.00155624,0.0015653900000000001,0.0001
0.0027111800000000001,-0.0017746400000000001,0.0015511100000000001,0.0001
0.0026391399999999999,-0.00168341,0.00171386,0.0001
0.0026552099999999999,-0.0019095799999999999,0.0017100100000000001,0.0001
0.0024462099999999999,-0.00177407,0.0015933900000000001,0.0001
0.0027378300000000001,-0.0013597399999999999,0.00180525,0.0001
0.0020104300000000001,-0.00128786,0.0015954999999999999,0.0001
0.0023280900000000001,-0.0014642500000000001,0.0017401000000000001,0.0001
0.0028999899999999999,-0.0012729099999999999,0.0019490499999999999,0.0001
0.0028999999999999998,-0.0019451,0.00167391,0.0001
0.0027291400000000001,-0.00118238,0.0018977899999999999,0.0001
0.0020582199999999999,-0.0011745499999999999,0.0017532299999999999,0.0001
0.0025033899999999999,-0.0016236499999999999,0.0018480300000000001,0.0001
0.0028064000000000001,-0.00187579,0.0018364900000000001,0.0001
0.0028999899999999999,-0.0010662099999999999,0.0018106400000000001,0.0001
0.0021933,-0.00131661,0.00179287,0.0001
0.0028999899999999999,-0.0010824000000000001,0.0020100000000000001,0.0001
0.00262678,-0.0013381999999999999,0.0019701900000000001,0.0001
0.0023763399999999998,-0.00132263,0.00187323,0.0001
0.0028999999999999998,-0.0017031699999999999,0.0018744600000000001,0.0001
0.00269031,-0.00154827,0.0018521500000000001,0.0001
0.0022495700000000002,-0.0015814500000000001,0.0018818800000000001,0.0001
0.00272369,-0.00170728,0.0019687799999999998,0.0001
0.00250183,-0.0011841600000000001,0.0019444900000000001,0.0001
0.0021820199999999998,-0.0019747300000000001,0.0016910600000000001,0.0001
0.0028999999999999998,-0.0017765400000000001,0.0020605200000000001,0.0001
1.35928e-05,-0.00025459499999999998,0.0015017400000000001,0.0001
9.9642900000000001e-05,-0.00026084200000000001,0.00168217,0.0001
0.00021345899999999999,-0.00051081300000000004,0.00234308,0.00050000000000000001
0.000272117,-0.00022854799999999999,0.0017781400000000001,0.0001
0.000618382,-8.1300799999999999e-05,0.00148223,0.0001
0.00056772699999999997,-0.00013171799999999999,0.0016690299999999999,0.0001
0.00080347399999999999,-0.00057243500000000004,0.0022531700000000001,0.0001
0.00047035600000000001,-0.000227049,0.0018154200000000001,0.0001
0.00080644500000000004,-0.00047036799999999998,0.0024251400000000001,0.0001
0.000372593,-0.000100368,0.0019353899999999999,0.0001
0.00074788399999999998,-0.00030658999999999998,0.0025238700000000001,0.0001
0.0010195600000000001,-4.8937699999999997e-05,0.0020550299999999998,0.00050000000000000001
0.00160009,-0.00060219400000000001,0.00147101,0.00050000000000000001
0.00179412,-0.00072322499999999997,0.0024296000000000001,0.00050000000000000001
0.00192198,-0.00022135899999999999,0.00212664,0.0001
0.0019369599999999999,-0.00025626499999999999,0.0018271699999999999,0.0001
0.0017552500000000001,-0.000162313,0.0022199899999999998,0.0001
0.0015505499999999999,-0.00014959399999999999,0.00253375,0.0001
0.0015195899999999999,-0.00037890999999999999,0.0020220699999999999,0.0001
0.0019364300000000001,-2.37187e-05,0.0021896400000000001,0.0001
0.0016155399999999999,-0.00022515499999999999,0.00193749,0.0001
0.0015274900000000001,-0.000193253,0.00233994,0.0001
0.0015946599999999999,-4.3252199999999999e-05,0.0022259799999999998,0.0001
0.00176519,-0.000116792,0.0017826599999999999,0.0001
0.00180982,-0.00018632100000000001,0.0019648000000000001,0.0001
0.00168892,-8.9449600000000005e-05,0.0023962200000000001,0.0001
0.00158647,-0.00022826000000000001,0.0021353499999999998,0.0001
0.0013509699999999999,-0.00014504700000000001,0.0025458799999999999,0.0001
0.00170448,-0.00017597700000000001,0.00265869,0.0001
0.0016111400000000001,-2.62046e-05,0.0019574800000000002,0.0001
0.0018727100000000001,-0.00012940200000000001,0.0024642100000000001,0.0001
0.00194644,-5.7080400000000003e-05,0.0018425200000000001,0.0001
0.0017822999999999999,-1.2621400000000001e-05,0.00206004,0.0001
0.0019044400000000001,-0.000178429,0.0026554899999999999,0.0001
0.0019956800000000001,-0.000170481,0.0023119199999999999,0.0001
0.0015065199999999999,-4.6653199999999997e-06,0.0024031500000000002,0.0001
0.0017531599999999999,-5.5534799999999997e-06,0.00256603,0.0001
0.0016658,-0.00028668200000000002,0.0028207100000000001,0.0001
0.00180758,-0.00014457700000000001,0.0028271699999999999,0.0001
0.0014622700000000001,-4.6715799999999997e-05,0.0026807900000000002,0.0001
0.0019972499999999999,-0.000994621,0.0016907000000000001,0.0001
0.0027186699999999999,-0.00098411099999999997,0.0019219599999999999,0.0001
0.0022690800000000001,-0.00046409899999999999,0.0026889599999999998,0.0001
0.0024963099999999998,-0.00097109900000000001,0.0019622200000000002,0.0001
0.0020003099999999999,-1.5821500000000001e-05,0.00256822,0.0001
0.0021213999999999998,-0.000221141,0.0024589799999999999,0.0001
0.0023623400000000001,-0.00083052199999999999,0.00191435,0.0001
0.0028999999999999998,-0.00079878700000000002,0.0017486100000000001,0.0001
0.0025576700000000002,-0.00078763699999999999,0.00191142,0.0001
0.0028999899999999999,-0.00089963,0.00192132,0.0001
0.0028999899999999999,-0.000723247,0.0020156100000000001,0.0001
0.0025081299999999999,-0.00019641799999999999,0.0020009200000000002,0.00050000000000000001
0.0021742200000000001,-2.8349700000000001e-05,0.0024702299999999999,0.0001
0.0022766000000000002,-0.00074515400000000004,0.0020736000000000001,0.0001
0.0028999899999999999,-0.00061295700000000002,0.0021824499999999998,0.0001
0.0028999999999999998,-0.00062240400000000001,0.00184289,0.0001
0.0027300200000000001,-0.00072698200000000004,0.0018298399999999999,0.0001
0.00246437,-0.00081715800000000001,0.0020858500000000002,0.0001
0.0028037399999999999,-0.00092865000000000005,0.00209429,0.0001
0.0022574800000000001,-0.00035294100000000001,0.0025230999999999999,0.0001
0.0021042600000000002,-0.000170793,0.0026517799999999998,0.0001
0.00270565,-0.00076143900000000004,0.00204339,0.0001
0.0028999999999999998,-0.00049464300000000001,0.0023437000000000002,0.0001
0.0028999999999999998,-0.00031856000000000001,0.0024385499999999998,0.0001
0.0027918999999999999,-0.00077622900000000002,0.0022232699999999998,0.0001
0.0026603,-0.00067266400000000001,0.00233264,0.0001
8.2144299999999999e-05,0.00079274200000000003,0.0019108,0.0001
2.67037e-05,0.00088521800000000001,0.0016867,0.0001
0.00016537799999999999,0.00094814900000000002,0.00181635,0.0001
0.00020093300000000001,0.00091934500000000001,0.0015368199999999999,0.0001
0.000306784,0.000815863,0.0018664,0.0001
0.000507808,0.00026427800000000001,0.0020522100000000001,0.0001
0.000178166,0.00032002300000000001,0.0015539900000000001,0.00050000000000000001
0.00090161699999999996,0.00091701100000000002,0.0018766200000000001,0.00050000000000000001
0.000335271,0.00088536599999999995,0.00168104,0.0001
0.00048787400000000001,0.00051087599999999995,0.00203112,0.0001
0.000472738,0.00032867600000000002,0.0027946300000000002,0.00050000000000000001
0.000641105,0.00044394500000000001,0.0021408500000000001,0.0001
0.000624331,0.00038987800000000002,0.00194903,0.0001
0.00036520200000000002,0.00067729499999999996,0.00199826,0.0001
0.000455413,0.00064685899999999995,0.0021741400000000002,0.0001
0.00054298400000000004,0.00074400200000000001,0.0023254500000000002,0.0001
0.00075319999999999998,0.00051071799999999996,0.0022924299999999998,0.0001
0.00072620900000000001,0.00071780100000000001,0.00241471,0.0001
0.00091566100000000001,0.00044077100000000001,0.0023857800000000001,0.0001
0.00098346900000000005,5.1347100000000002e-05,0.0026454899999999999,0.0001
0.00066788800000000005,0.00090856300000000004,0.0024291600000000001,0.0001
0.0009816619999999999,0.00053264999999999996,0.0025509299999999999,0.0001
0.00170677,0.00013817699999999999,0.0024349200000000001,0.0001
0.00103681,0.00094839999999999996,0.00246035,0.0001
0.0019815000000000002,0.00021805699999999999,0.00229547,0.0001
0.00173379,0.00046341600000000002,0.00163309,0.00050000000000000001
0.0019177300000000001,0.00078161300000000001,0.0021073099999999998,0.0001
0.00180601,0.00068255699999999998,0.0024249100000000002,0.0001
0.00126238,0.00018839900000000001,0.0025497100000000002,0.0001
0.00146915,0.00081398600000000005,0.0020418300000000001,0.0001
0.0012142800000000001,0.00071135899999999995,0.0023468899999999999,0.0001
0.0013680999999999999,0.00078594199999999998,0.00223047,0.0001
0.00128882,0.00048687200000000001,0.00203491,0.0001
0.00178674,0.00066026799999999999,0.0021974,0.0001
0.00102311,0.00027058900000000001,0.0025628600000000001,0.0001
0.0015655000000000001,0.00015223299999999999,0.0022940399999999998,0.0001
0.0018660899999999999,0.000169588,0.0021392899999999999,0.0001
0.0010298200000000001,0.00065719699999999999,0.0024020299999999999,0.0001
0.0019639800000000002,0.00056992100000000003,0.0021768400000000002,0.0001
0.0017003400000000001,0.00026470500000000001,0.0021982799999999999,0.0001
0.00197999,3.4917099999999998e-05,0.0023758300000000002,0.0001
0.0012513400000000001,0.00056583000000000002,0.0022147999999999998,0.0001
0.0015988300000000001,0.000112707,0.0021008400000000001,0.0001
0.00111713,0.00039916799999999998,0.0024419200000000002,0.0001
0.0016366799999999999,0.00053023999999999996,0.0022214000000000001,0.0001
0.00130467,0.000333615,0.0024188500000000002,0.0001
0.00107171,0.00050538500000000001,0.0022786600000000001,0.0001
0.00140373,0.00063540500000000002,0.00210371,0.0001
0.0014260799999999999,0.000175561,0.00243553,0.0001
0.0015842199999999999,0.00036725899999999999,0.0023247699999999999,0.0001
0.00150548,0.000287242,0.0021592500000000001,0.0001
0.00180693,0.00050861000000000005,0.00232621,0.0001
0.00196321,5.4608599999999998e-05,0.0020075800000000001,0.0001
0.0013657700000000001,0.00040405999999999998,0.0022419200000000001,0.0001
0.0012180299999999999,0.00090739399999999995,0.0023863299999999999,0.0001
0.0017669000000000001,5.0378399999999999e-05,0.0022655800000000001,0.0001
0.00159888,0.00071755799999999998,0.0021595999999999998,0.0001
0.0018797200000000001,0.00036562999999999998,0.0022068000000000001,0.0001
0.0014551099999999999,0.00058001199999999998,0.00228889,0.0001
0.00165149,0.00050665400000000005,0.0024520499999999999,0.0001
0.0012715000000000001,0.00053067900000000005,0.0024107600000000001,0.0001
0.0019415700000000001,0.00040705500000000003,0.0024337199999999999,0.0001
0.0017712800000000001,0.000318573,0.0023773399999999999,0.0001
0.0016190600000000001,0.00030133100000000001,0.0025103500000000002,0.0001
0.0019514000000000001,0.00073937799999999995,0.0022998799999999998,0.0001
0.0019754899999999999,0.00057810800000000003,0.00258253,0.0001
0.00143626,0.00073665000000000004,0.0024119200000000001,0.0001
0.00145714,0.00045959199999999999,0.0024485599999999998,0.0001
0.0016187899999999999,0.00067827000000000002,0.00235469,0.0001
0.0018946600000000001,0.00019440200000000001,0.00247408,0.0001
0.00175851,0.00019169,0.0026205500000000001,0.0001
0.0017939200000000001,0.000380835,0.0025660499999999998,0.0001
0.0014324400000000001,0.00031218100000000003,0.0025814499999999999,0.0001
0.00132441,0.00047979400000000002,0.0025967999999999998,0.0001
0.0011071,0.00077915299999999999,0.0025404400000000001,0.0001
0.00149501,0.00059519499999999997,0.0025906100000000001,0.0001
0.00128338,0.00089626500000000004,0.0025750299999999999,0.0001
0.0016506699999999999,0.00071366400000000003,0.00254894,0.0001
0.0014499999999999999,0.00078958200000000004,0.0026042999999999999,0.0001
0.00177812,0.00057421100000000004,0.00261459,0.0001
0.0012850100000000001,0.00068806800000000001,0.0025334200000000002,0.0001
0.00113364,0.00043593800000000003,0.00263781,0.0001
0.0018950499999999999,0.00032696100000000002,0.0027299799999999999,0.0001
0.00116051,0.00012042199999999999,0.00270783,0.0001
0.0019825400000000001,0.00016521,0.0026513499999999998,0.0001
0.00129312,0.00075235299999999998,0.0027226400000000001,0.0001
0.00162316,0.00045088300000000001,0.0026430799999999999,0.0001
0.00111418,0.00063146299999999997,0.0026751100000000001,0.0001
0.0015592399999999999,0.00010081099999999999,0.0025646900000000001,0.0001
0.00127568,0.00031266699999999998,0.0027058500000000001,0.0001
0.00107059,0.00029112400000000003,0.0027605099999999999,0.0001
0.0015831300000000001,0.00024672700000000002,0.00269936,0.0001
0.00188452,0.000764253,0.0025897200000000002,0.0001
0.0018762799999999999,1.1527e-05,0.0027227100000000001,0.0001
0.00145517,0.00047818200000000001,0.0027481300000000001,0.0001
0.0016122,0.00081105499999999998,0.0027193299999999998,0.0001
0.00127428,0.00055975199999999995,0.00277313,0.0001
0.00180569,0.000848908,0.0027528800000000001,0.0001
0.0010484100000000001,0.00049727400000000002,0.00280803,0.0001
0.00140237,0.00014404500000000001,0.0026855,0.0001
0.00164251,2.47447e-05,0.0027298499999999998,0.0001
0.0014352,0.000294686,0.0028251399999999999,0.0001
0.00180108,0.00017223299999999999,0.0028149999999999998,0.0001
0.0028999999999999998,0.00041474300000000002,0.00153002,0.0001
0.0020396699999999999,0.00039029899999999998,0.00260721,0.0001
0.0021502499999999998,0.00067429399999999998,0.00256806,0.0001
0.00203755,0.00080561000000000001,0.0024677800000000001,0.0001
0.0021559999999999999,0.00028918900000000003,0.0024797600000000001,0.0001
0.0021472399999999999,0.00094972399999999999,0.0025526400000000001,0.0001
0.0021527899999999999,0.00013332900000000001,0.00235447,0.0001
0.0020635900000000001,0.000189984,0.0021152699999999998,0.0001
0.0025176399999999998,0.00079071700000000003,0.0021082000000000002,0.00050000000000000001
0.0021803,0.00030609700000000002,0.0020016999999999999,0.0001
0.0022137300000000001,0.000283262,0.00220885,0.0001
0.00235425,0.00026654800000000002,0.0023501799999999999,0.0001
0.0021098699999999998,0.00040805000000000003,0.0023256700000000002,0.0001
0.0020617700000000001,0.00040130899999999998,0.0021316500000000001,0.0001
0.0027183400000000001,0.00067568599999999999,0.0014585799999999999,0.0001
0.0028999999999999998,0.00095439299999999999,0.00148861,0.0001
0.0020318699999999999,0.000580365,0.0023906499999999998,0.0001
0.0021744500000000001,0.00048878699999999997,0.00249687,0.0001
0.0023265099999999999,0.00065648499999999995,0.00266088,0.0001
0.0028999999999999998,0.00075522000000000002,0.0015067800000000001,0.0001
0.00038709600000000002,0.00182658,0.0015841900000000001,0.0001
0.00026294300000000002,0.00107146,0.00169276,0.0001
7.4904400000000001e-05,0.0010600900000000001,0.00160246,0.0001
1.9930999999999999e-05,0.0012447999999999999,0.0016559400000000001,0.0001
0.00013318100000000001,0.00138758,0.00173833,0.0001
0.00019742300000000001,0.00174347,0.0022734999999999999,0.0001
0.00014996899999999999,0.00192856,0.0023325899999999998,0.0001
0.00012574,0.00116533,0.00241705,0.00050000000000000001
0.00074341399999999997,0.0019449000000000001,0.0024195200000000001,0.00050000000000000001
0.00018869899999999999,0.0017495500000000001,0.0025383900000000002,0.0001
9.5927200000000005e-05,0.0018574100000000001,0.00269447,0.0001
0.00054339799999999995,0.0014679199999999999,0.0027236500000000002,0.0001
0.00034206299999999998,0.0016274200000000001,0.0027327699999999998,0.0001
4.6113299999999998e-05,0.0016679799999999999,0.0027348699999999999,0.0001
0.00027526699999999999,0.00181211,0.0027705300000000002,0.0001
0.000337664,0.0019918700000000002,0.0028590199999999999,0.0001
0.000185482,0.0015790800000000001,0.0028474500000000001,0.0001
0.00039260899999999998,0.0014771599999999999,0.0028547099999999999,0.0001
0.0012867,0.00188579,0.0026672100000000002,0.0001
0.0014085300000000001,0.0018736600000000001,0.0016078500000000001,0.00050000000000000001
0.0018130100000000001,0.00147331,0.00179787,0.0001
0.0016877699999999999,0.0012790499999999999,0.0023515400000000001,0.00050000000000000001
0.00190307,0.0017657599999999999,0.0026285900000000001,0.0001
0.00172394,0.0017537399999999999,0.0027167300000000001,0.0001
0.00155142,0.0016700300000000001,0.00278575,0.0001
0.00125862,0.00165818,0.0025306700000000001,0.0001
0.0014202799999999999,0.00176498,0.00258026,0.0001
0.00144568,0.0018396700000000001,0.0027794500000000001,0.0001
0.00115435,0.0016741099999999999,0.00276275,0.0001
0.0013330099999999999,0.0015972899999999999,0.0027160399999999999,0.0001
0.00117304,0.0018615400000000001,0.0028299800000000002,0.0001
0.00199774,0.00188064,0.0014947599999999999,0.0001
0.00199972,0.00179784,0.0016768099999999999,0.0001
0.0028999999999999998,0.0016094799999999999,0.0015303700000000001,0.0001
0.0023456599999999998,0.0018094999999999999,0.0016760900000000001,0.0001
0.0028999999999999998,0.0018780100000000001,0.0015805699999999999,0.0001
0.0027315199999999999,0.00133332,0.00160611,0.0001
0.00270529,0.00186881,0.0016681300000000001,0.0001
0.0020400399999999999,0.0015201699999999999,0.0027731600000000002,0.0001
0.0022942700000000002,0.00167687,0.0027965899999999998,0.0001
0.00272325,0.0011086500000000001,0.0015088300000000001,0.0001
0.0024165300000000001,0.00186513,0.0014975399999999999,0.0001
0.0026157300000000001,0.0018812099999999999,0.0014897300000000001,0.0001
0.00267899,0.0015493200000000001,0.0016179499999999999,0.0001
0.0027169400000000002,0.00170503,0.0014586899999999999,0.0001
0.0028999999999999998,0.0014094800000000001,0.0015298499999999999,0.0001
0.0020682000000000001,0.00165295,0.0026262600000000001,0.0001
0.0027540500000000001,0.00150972,0.0014368499999999999,0.0001
0.0021768099999999999,0.0014850900000000001,0.00263152,0.0001
0.0021085800000000001,0.00175114,0.00279576,0.0001
0.0025737400000000001,0.00171817,0.0015976899999999999,0.0001
0.0028999999999999998,0.00122557,0.00160848,0.0001
0.0020660299999999999,0.0018799400000000001,0.0026487899999999998,0.0001
0.0025113599999999998,0.00180886,0.0022530300000000001,0.00050000000000000001
0.0025169599999999999,0.0019349899999999999,0.00165576,0.0001
0.00280123,0.0016938999999999999,0.0016824100000000001,0.0001
0.0022245199999999998,0.00189729,0.0015433599999999999,0.0001
0.00030420600000000001,-0.00166712,0.0029252000000000002,0.0001
0.00075358700000000001,-0.00129254,0.00306187,0.00050000000000000001
0.000720741,-0.00136634,0.0040568699999999997,0.00050000000000000001
0.0001076,-0.0018538000000000001,0.0029042,0.0001
0.00089099399999999999,-0.0018694300000000001,0.00297065,0.0001
0.00028314799999999999,-0.00186367,0.0030004799999999998,0.0001
0.00095045800000000005,-0.0018504299999999999,0.0031618699999999998,0.0001
0.00045676000000000001,-0.0018274299999999999,0.0028949100000000001,0.0001
0.00045486799999999998,-0.0018236299999999999,0.0030948600000000001,0.0001
0.00063739799999999996,-0.0018757699999999999,0.00298219,0.0001
0.00099694299999999992,-0.0017306800000000001,0.0033917299999999999,0.0001
0.00050812299999999997,-0.0017924499999999999,0.0032851099999999999,0.0001
0.00075464200000000003,-0.0018869100000000001,0.0031438400000000002,0.0001
0.00061170300000000001,-0.0017318500000000001,0.0034451,0.0001
0.000871611,-0.00194232,0.0033210499999999999,0.0001
0.00080351999999999995,-0.0017775,0.0034115999999999999,0.0001
0.00057478300000000004,-0.0019742200000000001,0.0031491000000000002,0.0001
0.00067155800000000005,-0.00190051,0.00332526,0.0001
0.000446833,-0.00198175,0.00330533,0.0001
0.00074058200000000005,-0.0019785800000000002,0.0034959600000000002,0.0001
0.00034370599999999999,-0.0019988900000000001,0.00313482,0.0001
0.00013433400000000001,-0.00147477,0.0039907800000000002,0.0001
0.00053591100000000003,-0.00191504,0.0034715000000000002,0.0001
0.00110754,-0.00157632,0.0034545299999999999,0.0001
0.0010828999999999999,-0.0019779699999999999,0.0029082000000000001,0.0001
0.0016628000000000001,-0.0012190300000000001,0.0034503799999999999,0.00050000000000000001
0.0014644199999999999,-0.00157643,0.0030111600000000001,0.0001
0.0016278099999999999,-0.00168012,0.0030616799999999998,0.0001
0.00110994,-0.0017459699999999999,0.0032274299999999999,0.0001
0.0012858399999999999,-0.0015667599999999999,0.0031006900000000001,0.0001
0.0014689,-0.0017943099999999999,0.0030203199999999999,0.0001
0.00133121,-0.0018960400000000001,0.0029169299999999999,0.0001
0.0012493000000000001,-0.00172814,0.0029883399999999999,0.0001
0.0013282299999999999,-0.0017870900000000001,0.0031623900000000002,0.0001
0.00112604,-0.00186451,0.0030671399999999999,0.0001
0.00103797,-0.0017832,0.0028659499999999999,0.0001
0.0012925300000000001,-0.0019728699999999998,0.0030974800000000001,0.0001
0.00140566,-0.0017504199999999999,0.0033431099999999998,0.0001
0.0012207299999999999,-0.0015918200000000001,0.0032903699999999999,0.0001
0.0011820299999999999,-0.0019299199999999999,0.0032585499999999998,0.0001
0.0012151499999999999,-0.0017854800000000001,0.0033928700000000001,0.0001
0.00105025,-0.00192268,0.0034088199999999999,0.0001
0.0025079099999999999,-0.00132894,0.0039616499999999997,0.00050000000000000001
0.00037039100000000003,-0.00040940900000000001,0.0036928899999999999,0.00050000000000000001
1.11485e-05,-0.000477782,0.0041685699999999999,0.0001
0.00050448599999999995,-0.000810127,0.00411876,0.0001
0.00034484499999999998,-0.00089934900000000003,0.0040379600000000002,0.0001
0.00056304800000000002,-0.000633744,0.0042149600000000002,0.0001
0.000138992,-0.00034289200000000002,0.00424246,0.0001
0.000704614,-0.000123294,0.0041008499999999996,0.0001
0.00018397500000000001,-0.000110611,0.0041786499999999999,0.0001
0.000309067,-0.00075944300000000005,0.0041763299999999998,0.0001
0.00035773400000000001,-1.6927800000000001e-05,0.0041465399999999998,0.0001
0.00052653400000000005,-0.000114345,0.0041914400000000003,0.0001
0.00063499300000000004,-0.000812,0.0042701700000000002,0.0001
0.00101033,-0.00085679500000000004,0.0033846800000000002,0.0001
0.0011698399999999999,-0.00092100199999999998,0.0032825300000000001,0.0001
0.0011180599999999999,-0.00036987700000000001,0.00305105,0.00050000000000000001
0.00189752,-0.00024825999999999998,0.00364081,0.00050000000000000001
0.0011421199999999999,-0.00049172300000000001,0.0042820999999999996,0.00050000000000000001
0.0012214299999999999,-0.00081266400000000005,0.0034425300000000001,0.0001
0.00250761,-0.00082230699999999999,0.0031070400000000001,0.00050000000000000001
0.0020901800000000001,-0.00080706799999999998,0.00353776,0.0001
1.51816e-05,0.00081423900000000002,0.00377962,0.0001
0.000158462,3.1593200000000001e-05,0.00404017,0.0001
0.00014635700000000001,0.00065413699999999995,0.0038437100000000002,0.0001
0.00043961,0.00092331100000000001,0.0028675100000000002,0.0001
0.00072146899999999997,0.00051980199999999998,0.0037378899999999998,0.00050000000000000001
0.00024422499999999999,0.00087525099999999996,0.0038146500000000002,0.0001
0.000100027,0.00020994000000000001,0.0039710500000000003,0.0001
0.00024271300000000001,0.00016522299999999999,0.00380906,0.0001
0.00016492500000000001,0.00041563899999999998,0.0039363999999999996,0.0001
0.00017294599999999999,0.00075398900000000005,0.0036724700000000002,0.0001
8.4502899999999994e-05,0.000950365,0.0039087100000000001,0.0001
0.000254796,0.00087239100000000003,0.0029245299999999998,0.0001
0.00034339599999999999,0.00011911799999999999,0.0039756100000000001,0.0001
0.00026600300000000001,0.000287149,0.0040516099999999998,0.0001
0.00058186800000000003,2.55108e-05,0.0040480300000000002,0.0001
0.00014276499999999999,0.00064409299999999999,0.0040434299999999998,0.0001
0.00024129199999999999,0.00014087999999999999,0.0041857500000000002,0.0001
0.00045787699999999998,0.00015583799999999999,0.0041354399999999998,0.0001
0.00024781400000000001,0.00048526599999999999,0.0041045700000000001,0.0001
0.000390348,0.00033205300000000001,0.0042016800000000002,0.0001
0.00025038099999999999,0.00080773399999999995,0.0040028099999999999,0.0001
0.000311129,0.00068081499999999998,0.0041449399999999997,0.0001
6.0443799999999999e-05,0.00082531900000000003,0.0040629300000000002,0.0001
0.00011503299999999999,0.00034939200000000002,0.0041670800000000001,0.0001
7.7304699999999999e-05,0.000542527,0.0042027999999999996,0.0001
0.00039604499999999998,0.00052788399999999995,0.0042418999999999998,0.0001
5.0018400000000004e-06,0.00050084499999999998,0.00402104,0.0001
0.0010416100000000001,0.00036806700000000003,0.00298125,0.0001
0.0011571999999999999,0.00021521299999999999,0.0029240199999999998,0.0001
0.00121006,0.00040281799999999999,0.0028791899999999998,0.0001
0.0016411399999999999,0.00090310800000000001,0.0036956699999999999,0.00050000000000000001
0.00105824,0.00099218000000000006,0.0035847800000000001,0.0001
0.00250015,0.00016306299999999999,0.0029547900000000001,0.00050000000000000001
0.00251023,0.00048179400000000002,0.0039215400000000003,0.00050000000000000001
0.0021722099999999999,0.00097558300000000003,0.0039653199999999996,0.0001
0.0028999999999999998,0.00087066400000000005,0.0041599799999999998,0.0001
0.00272967,0.00097378099999999995,0.0041857200000000004,0.0001
0.00060991099999999998,0.0010891399999999999,0.0038908800000000002,0.0001
0.00025819699999999999,0.0010472599999999999,0.0039297200000000003,0.0001
0.00060377100000000002,0.00129648,0.00376633,0.0001
0.00042851599999999999,0.00103604,0.00382548,0.0001
0.00089537199999999996,0.0019030200000000001,0.00345101,0.0001
0.00076207300000000005,0.0011506000000000001,0.00377656,0.0001
0.00048345899999999999,0.00144801,0.0038169499999999999,0.0001
0.00050404400000000004,0.0019757799999999999,0.0029688399999999999,0.0001
0.00085780299999999997,0.0014791400000000001,0.0035811100000000002,0.0001
0.00014114600000000001,0.00194235,0.00286996,0.0001
0.00093592999999999997,0.0019114799999999999,0.0029868099999999999,0.0001
0.00079748999999999998,0.00109566,0.0035875400000000002,0.0001
0.00056739900000000001,0.0010981400000000001,0.0036956599999999999,0.0001
0.00084422800000000004,0.0019353,0.0031629499999999999,0.0001
0.00068156200000000003,0.00181259,0.0034952,0.0001
0.00070614400000000002,0.0019399300000000001,0.00301834,0.0001
0.00044860400000000002,0.0018207900000000001,0.0030824300000000002,0.0001
0.00029441599999999998,0.00180463,0.00320879,0.0001
0.00065626900000000001,0.0012371999999999999,0.00358267,0.0001
0.000969088,0.0011629800000000001,0.0030165499999999998,0.00050000000000000001
7.3489800000000002e-05,0.00128454,0.0034105099999999998,0.00050000000000000001
0.00065864700000000005,0.0014028000000000001,0.0034705500000000002,0.0001
0.00027953199999999998,0.00166953,0.0029990199999999998,0.0001
0.00077111499999999995,0.00156033,0.00342019,0.0001
0.00060429500000000003,0.0015430699999999999,0.0033037100000000001,0.0001
0.00070995599999999998,0.0017134800000000001,0.0033070299999999999,0.0001
0.00042773600000000001,0.0017487,0.00289054,0.0001
0.00085736799999999995,0.00173602,0.0031737599999999999,0.0001
0.00061082300000000003,0.0017688999999999999,0.00297759,0.0001
0.00062329799999999999,0.0010600200000000001,0.0034959600000000002,0.0001
0.00061804199999999996,0.00163674,0.0031275299999999999,0.0001
0.00027172999999999998,0.0018693500000000001,0.0030027000000000001,0.0001
6.7190500000000007e-05,0.00176103,0.0029106399999999999,0.0001
0.00073657200000000001,0.0019104,0.00332965,0.0001
0.000484582,0.0015161199999999999,0.0030398700000000001,0.0001
0.00080944399999999998,0.0017401700000000001,0.00297963,0.0001
0.000559294,0.0015989800000000001,0.0028738800000000001,0.0001
0.00095990599999999995,0.0013080699999999999,0.0035986799999999999,0.0001
0.00023509400000000001,0.0017847099999999999,0.0042470099999999998,0.00050000000000000001
0.00062884200000000001,0.0018325500000000001,0.0031683200000000001,0.0001
0.000118602,0.0018038799999999999,0.0031134499999999998,0.0001
0.00046906699999999999,0.00170346,0.0032431000000000001,0.0001
0.00053111399999999996,0.00167158,0.0034383500000000002,0.0001
0.00054679700000000002,0.00185162,0.0033526699999999999,0.0001
0.00044977800000000002,0.0012287699999999999,0.0038745099999999998,0.0001
0.00084892099999999999,0.00171484,0.0035445699999999999,0.0001
0.00066909599999999999,0.0016306000000000001,0.0035772099999999999,0.0001
0.00059432099999999998,0.00146039,0.00365095,0.0001
0.00078835600000000004,0.0013328400000000001,0.0036984600000000002,0.0001
0.00095637599999999999,0.00111363,0.0037076700000000001,0.0001
0.00012075500000000001,0.0010557800000000001,0.0040747600000000002,0.0001
0.00096737199999999998,0.0015839000000000001,0.00345064,0.0001
3.8295099999999999e-05,0.00123274,0.0041181999999999998,0.0001
0.0010353599999999999,0.00176687,0.0034942300000000001,0.0001
0.0010654799999999999,0.0010021299999999999,0.0038328199999999998,0.0001
0.00108786,0.0014466100000000001,0.0035320899999999999,0.0001
0.00140121,0.0014341499999999999,0.00355273,0.0001
0.00121514,0.0017842299999999999,0.0034083400000000002,0.0001
0.0012157800000000001,0.00184844,0.0032189300000000001,0.0001
0.0010604500000000001,0.0018902400000000001,0.0033388300000000001,0.0001
0.00112367,0.00120221,0.0036431200000000001,0.0001
0.0010408800000000001,0.00197124,0.00315701,0.0001
0.0010275900000000001,0.0017507099999999999,0.0029109800000000001,0.0001
0.0012304900000000001,0.0016506699999999999,0.0032485499999999998,0.0001
0.00131493,0.0017204,0.0028726200000000002,0.0001
0.00116837,0.0018864000000000001,0.0030283699999999998,0.0001
0.0013468,0.0019059299999999999,0.0029401800000000001,0.0001
0.00124054,0.0013174599999999999,0.00352885,0.0001
0.00128655,0.0015149899999999999,0.0033843900000000001,0.0001
0.0014769399999999999,0.0017224600000000001,0.0042422600000000003,0.00050000000000000001
0.0018069500000000001,0.0018046399999999999,0.0033116700000000001,0.00050000000000000001
0.0019379,0.00142128,0.0037542600000000001,0.0001
0.0010428099999999999,0.0016944499999999999,0.0033020300000000001,0.0001
0.0010464000000000001,0.0017505800000000001,0.0031101000000000002,0.0001
0.00141599,0.00135311,0.0033688699999999999,0.0001
0.00123478,0.00169959,0.0030546700000000002,0.0001
0.00124507,0.00198117,0.0034262400000000001,0.0001
0.0011848399999999999,0.00162111,0.00352002,0.0001
0.0025050699999999999,0.00147427,0.0039426900000000004,0.00050000000000000001
0.0025019399999999998,0.0011582999999999999,0.0030155799999999999,0.00050000000000000001
0.0028999999999999998,0.00107004,0.0041442600000000003,0.0001
0.00097618399999999995,-0.0013191100000000001,0.0051698500000000001,0.00050000000000000001
2.1664299999999999e-05,-0.0015412100000000001,0.0049483699999999997,0.00050000000000000001
0.00051540500000000003,-0.0016943100000000001,0.00525297,0.0001
0.00045365200000000003,-0.0015403999999999999,0.0053647699999999996,0.0001
0.00172225,-0.00188832,0.0046274000000000003,0.0001
0.0016440300000000001,-0.0013231199999999999,0.0044418699999999997,0.00050000000000000001
0.0014115,-0.00133771,0.0055823399999999999,0.0001
0.0013589699999999999,-0.00153068,0.0055805999999999998,0.0001
0.0010986100000000001,-0.0010740599999999999,0.00441991,0.0001
0.0023006200000000002,-0.0019996900000000001,0.0047418099999999999,0.00050000000000000001
0.0025188400000000001,-0.0011122599999999999,0.0050799199999999999,0.00050000000000000001
0.0025135299999999999,-0.0018979699999999999,0.0057033099999999996,0.00050000000000000001
0.00060150000000000004,-0.000917595,0.0044365699999999999,0.0001
0.00033008899999999999,-0.00059909700000000004,0.0048662599999999999,0.00050000000000000001
0.00044593299999999997,-0.00013677399999999999,0.0052307300000000003,0.0001
0.0017440299999999999,-0.00051420199999999995,0.00506545,0.00050000000000000001
0.00192672,-0.00031144400000000002,0.0055997800000000004,0.0001
0.0016814,-0.00061948000000000005,0.0056528100000000003,0.0001
0.0019651999999999998,-0.00058876899999999995,0.0056181900000000003,0.0001
0.0016145700000000001,-0.00032573999999999998,0.0056201699999999999,0.0001
0.0017790600000000001,-0.00043272200000000002,0.00565885,0.0001
0.00250585,-0.00038916299999999999,0.0044055600000000002,0.00050000000000000001
0.0025118200000000001,-0.00036409600000000001,0.00572179,0.00050000000000000001
0.00096388300000000001,0.00095277800000000005,0.0045967200000000003,0.00050000000000000001
2.0944199999999998e-05,0.000286271,0.0052102800000000003,0.00050000000000000001
0.00097982400000000002,0.00010893899999999999,0.0051099600000000002,0.00050000000000000001
0.0017113,0.00028129099999999997,0.0044661700000000002,0.00050000000000000001
0.0017510399999999999,0.00025163200000000001,0.0057097099999999998,0.00050000000000000001
0.00131226,0.00052892599999999998,0.0048395900000000004,0.0001
0.0018968399999999999,0.000713049,0.0053550400000000001,0.0001
0.00147325,0.00071463899999999999,0.0048060899999999998,0.0001
0.00148058,0.00056691399999999996,0.0049407100000000001,0.0001
0.00188214,0.00087731500000000004,0.0054681799999999996,0.0001
0.0017364500000000001,0.00084141100000000003,0.0056004000000000002,0.0001
0.0020151700000000002,0.00077842600000000003,0.0055969000000000001,0.0001
0.0020650199999999999,0.00082274500000000005,0.0054083500000000001,0.0001
0.0025077799999999998,0.00036549500000000002,0.0050471400000000003,0.00050000000000000001
0.0025716799999999998,0.000225343,0.0056270399999999998,0.0001
0.00274844,0.00016233900000000001,0.0055578399999999997,0.0001
0.0027296400000000002,0.00056966600000000003,0.0055658900000000004,0.0001
0.0028999999999999998,0.000275061,0.0054920999999999998,0.0001
0.00207624,0.00062634099999999999,0.0053723,0.0001
0.0028999999999999998,0.00051766699999999998,0.0054749400000000002,0.0001
0.0023281399999999998,0.00038860400000000002,0.0056191499999999998,0.0001
0.0027048599999999999,0.00037396400000000001,0.0056137899999999996,0.0001
0.0028999999999999998,0.00040756800000000003,0.00564191,0.0001
0.00226589,0.000559652,0.0057020200000000004,0.0001
0.0028999999999999998,0.00066778599999999997,0.0056070900000000003,0.0001
0.0025388799999999999,0.00051517299999999995,0.0056273399999999998,0.0001
0.0023498199999999999,0.000213561,0.0057134400000000002,0.0001
0.0028999999999999998,9.0058399999999998e-05,0.0056664899999999997,0.0001
0.0028999999999999998,0.000731283,0.0043034199999999996,0.0001
0.0028748100000000002,0.00098382799999999996,0.0043229499999999999,0.0001
0.00067548100000000002,0.0013766,0.0056083799999999996,0.0001
0.00067459799999999999,0.00143706,0.0044278499999999997,0.0001
0.00067073600000000001,0.0017392499999999999,0.0051304100000000002,0.00050000000000000001
0.00039020800000000002,0.0016096699999999999,0.0056447199999999998,0.0001
0.00092126100000000004,0.00157876,0.0056514399999999998,0.0001
0.00056900699999999995,0.0015286099999999999,0.0056829300000000001,0.0001
0.00108592,0.00162739,0.00554887,0.0001
0.00176125,0.0010330700000000001,0.0055023499999999996,0.0001
0.00188916,0.0011306199999999999,0.0049243200000000003,0.00050000000000000001
0.00116854,0.00103495,0.0055955600000000003,0.00050000000000000001
0.001586,0.0019356499999999999,0.0054267999999999999,0.00050000000000000001
0.0019198799999999999,0.00100183,0.0056200699999999996,0.0001
0.0025048499999999999,0.0011100000000000001,0.0056982300000000003,0.00050000000000000001
0.0028999999999999998,0.0011967,0.0042990399999999996,0.0001
0.000238366,-0.0010331299999999999,0.0057652199999999997,0.00050000000000000001
0.00030635800000000001,-0.0014607699999999999,0.0066585999999999998,0.00050000000000000001
0.00190766,-0.0011375199999999999,0.0058539100000000004,0.00050000000000000001
0.0016295400000000001,-0.0016326100000000001,0.0066643900000000001,0.00050000000000000001
0.00192336,-0.00112857,0.0068044100000000003,0.0001
0.0022088799999999999,-0.0015845200000000001,0.0068128900000000003,0.0001
0.0025026100000000002,-0.0010860900000000001,0.0066538500000000002,0.00050000000000000001
2.8723800000000001e-05,-0.000334858,0.0066311199999999999,0.0001
0.00060166199999999999,-0.00050972599999999995,0.0066652100000000004,0.00050000000000000001
1.3626e-05,-0.00051975700000000003,0.0065464099999999999,0.0001
0.00016096,-0.000108119,0.0065981800000000004,0.0001
6.9678900000000001e-05,-0.00072072300000000005,0.0062488999999999999,0.0001
1.9496000000000001e-05,-0.00065143299999999998,0.0066968499999999999,0.0001
0.00029854300000000002,-2.70362e-05,0.0064777799999999998,0.0001
0.00095305200000000002,-3.5712700000000001e-05,0.0065564100000000004,0.0001
0.0011193500000000001,-0.00024393900000000001,0.0065190700000000001,0.0001
0.0010567599999999999,-0.000192158,0.0062742900000000001,0.0001
0.0012916900000000001,-0.00014411599999999999,0.0065373699999999998,0.0001
0.0012847799999999999,-7.8950399999999995e-05,0.0063484099999999996,0.0001
0.00147919,-0.00016583400000000001,0.0060441000000000002,0.0001
0.00110559,-0.00057608900000000001,0.0058158000000000003,0.00050000000000000001
0.0016146699999999999,-0.00063411900000000005,0.0066622000000000001,0.00050000000000000001
0.00158092,-0.000115705,0.0063620200000000003,0.0001
0.0011995,-0.000100047,0.0061687399999999998,0.0001
0.0011959,-0.000316414,0.0063490999999999999,0.0001
0.0013668300000000001,-0.00026619600000000001,0.0062582100000000002,0.0001
0.0018251700000000001,-0.00057088099999999997,0.0060331200000000003,0.0001
0.00165069,-0.000326192,0.0058363900000000003,0.0001
0.0015306899999999999,-0.000323596,0.00615571,0.0001
0.00166786,-0.00045612799999999998,0.00598746,0.0001
0.0018244699999999999,-0.000359988,0.0060663899999999996,0.0001
0.00174614,-0.00054822300000000003,0.0058281100000000001,0.0001
0.00184307,-0.00037542400000000002,0.0058601599999999997,0.0001
0.00176516,-0.000252537,0.0062243100000000003,0.0001
0.0014406200000000001,-8.3644200000000001e-05,0.0062231400000000003,0.0001
0.00190117,-0.00013968699999999999,0.0063179200000000003,0.0001
0.0019452600000000001,-0.00054022300000000005,0.00581118,0.0001
0.0016615600000000001,-0.00025275299999999998,0.0060220999999999998,0.0001
0.0019696800000000001,-0.00025142900000000001,0.0059528599999999999,0.0001
0.00198211,-0.00045523599999999998,0.0059884300000000003,0.0001
0.00190679,-0.00015887900000000001,0.0061186299999999999,0.0001
0.0016301600000000001,-0.00011605899999999999,0.0061681699999999997,0.0001
0.0019491000000000001,-0.00051017900000000004,0.0061778800000000002,0.0001
0.00110041,-6.8363199999999996e-05,0.00642518,0.0001
0.0013431599999999999,-4.8223600000000004e-06,0.0060672900000000004,0.0001
0.00177115,-2.3159900000000001e-06,0.0062529400000000002,0.0001
0.0020845099999999999,-0.00017170400000000001,0.0062446899999999998,0.0001
0.0020611700000000002,-0.00032280999999999998,0.0061157599999999996,0.0001
0.0021978000000000002,-0.00058927100000000004,0.0067961699999999998,0.0001
0.0020860599999999998,-0.00060628199999999998,0.0060683000000000004,0.0001
0.0024933199999999998,-0.00081261699999999996,0.0061198900000000002,0.0001
0.0025035000000000001,-8.9608400000000001e-05,0.0066662400000000004,0.00050000000000000001
0.0020885500000000002,-0.000102518,0.0060570800000000003,0.0001
9.8051899999999995e-05,1.9313300000000001e-07,0.0067540999999999999,0.0001
0.000208631,8.9357000000000005e-05,0.0066133099999999998,0.0001
7.4721400000000006e-05,0.00050018000000000003,0.0059693799999999998,0.0001
0.000256276,0.000154108,0.00640429,0.0001
0.000155761,0.00035699199999999999,0.0060830900000000002,0.0001
0.00020906399999999999,0.00054790199999999996,0.0061097699999999996,0.0001
0.00075221999999999995,0.00029332700000000002,0.0060966299999999996,0.00050000000000000001
0.00014492199999999999,0.000266784,0.0065465200000000001,0.0001
0.00057603000000000005,0.00045396400000000001,0.0066472199999999997,0.0001
0.00034721200000000001,0.00046171599999999998,0.0065060400000000003,0.0001
0.00030432400000000002,0.00065832100000000001,0.0065470399999999996,0.0001
0.000448823,0.00078095200000000001,0.0064585099999999998,0.0001
0.00022075600000000001,0.00080944600000000002,0.0063436200000000003,0.0001
0.00043743800000000001,0.00031451500000000002,0.0066069900000000001,0.0001
0.00046990500000000001,0.00092144000000000004,0.0063177299999999997,0.0001
0.00040066800000000002,0.00054431499999999997,0.0066801600000000001,0.0001
0.00023030300000000001,0.00035164199999999999,0.0063868099999999997,0.0001
0.00030137600000000001,0.00058959099999999999,0.0063592500000000003,0.0001
0.00040696100000000001,0.00078381700000000002,0.0066641599999999997,0.0001
8.3040699999999999e-05,0.00069269700000000004,0.0062575699999999996,0.0001
0.00052911500000000003,0.00062070400000000003,0.0065472400000000002,0.0001
0.000129429,0.00066713999999999999,0.0064504300000000001,0.0001
0.00027755199999999997,0.00085576100000000002,0.0065297100000000002,0.0001
0.00077171900000000003,0.00049241400000000005,0.0066623000000000003,0.0001
2.5744800000000001e-05,0.000168302,0.0066734000000000003,0.0001
0.00039425400000000002,0.00074256699999999997,0.0062699599999999998,0.0001
0.00058392000000000003,8.9259100000000001e-05,0.0066351800000000001,0.0001
0.00014542900000000001,0.00047878999999999999,0.0065157599999999998,0.0001
0.00040403100000000001,0.00012427599999999999,0.0065550900000000004,0.0001
0.00012392499999999999,0.00050671500000000003,0.0063187199999999999,0.0001
0.00024709100000000001,0.00039188599999999998,0.0066644699999999996,0.0001
3.4774000000000003e-05,0.000309621,0.0063851799999999998,0.0001
2.7955600000000001e-06,0.00039380399999999999,0.0062065599999999999,0.0001
4.7830700000000003e-05,0.00088438999999999998,0.0064105500000000001,0.0001
0.00125114,0.00029126299999999999,0.0064299099999999996,0.0001
0.0010813299999999999,0.00011739999999999999,0.0065664599999999997,0.0001
0.00121638,9.4521699999999993e-05,0.0064207200000000004,0.0001
0.00118684,0.00062200199999999997,0.0063477799999999999,0.0001
0.00157851,5.8526400000000003e-05,0.0062509499999999999,0.0001
0.00130872,0.00041589099999999999,0.0062844800000000003,0.0001
0.00133892,0.00060256100000000005,0.0062193400000000003,0.0001
0.0015167100000000001,0.00024841400000000002,0.00626204,0.0001
0.00125774,0.00078245699999999997,0.0062517199999999997,0.0001
0.0017148300000000001,0.000734912,0.0060634399999999998,0.0001
0.0012981399999999999,8.8617500000000003e-05,0.0062382899999999996,0.0001
0.0016396099999999999,0.00084755400000000004,0.0062106000000000001,0.0001
0.0015124100000000001,0.00061757100000000003,0.0061209699999999999,0.0001
0.00133103,0.000451175,0.0060888799999999996,0.0001
0.0017348299999999999,0.00094429799999999999,0.0057718999999999999,0.0001
0.0013602499999999999,0.00061713299999999996,0.0059811600000000001,0.0001
0.00123813,3.32884e-06,0.0058972900000000003,0.0001
0.00152052,0.00092185399999999995,0.0060681299999999997,0.0001
0.00185549,0.000797505,0.0059357899999999998,0.0001
0.0015378099999999999,0.00074773299999999999,0.0059712699999999999,0.0001
0.00120393,0.00068802999999999996,0.0060838200000000002,0.0001
0.0016807300000000001,0.00040985199999999999,0.0062841800000000003,0.0001
0.0014951599999999999,0.00044323499999999999,0.0062174600000000002,0.0001
0.00191052,0.00085101700000000003,0.0057511000000000003,0.0001
0.0016900299999999999,0.00090647799999999995,0.0059631099999999998,0.0001
0.0019067699999999999,0.000688852,0.00609568,0.0001
0.0010551899999999999,0.00080940700000000005,0.0061398900000000003,0.0001
0.0013486500000000001,0.00026310999999999999,0.0061546200000000004,0.0001
0.0016938000000000001,0.00059126399999999998,0.0062009999999999999,0.0001
0.0019826399999999999,0.00052890900000000004,0.0061887499999999998,0.0001
0.00138203,0.00078009499999999996,0.0060950400000000004,0.0001
0.0019677499999999999,0.00096239000000000003,0.0059212400000000004,0.0001
0.00204082,3.8973000000000001e-05,0.0061901300000000003,0.0001
0.0021308999999999998,0.00040049299999999998,0.0061496500000000004,0.0001
0.00208712,0.000619931,0.0060434900000000003,0.0001
0.0025824899999999998,0.00021473799999999999,0.0058630499999999999,0.0001
0.0021514199999999998,0.00020159099999999999,0.0061537700000000002,0.0001
0.0023645599999999999,0.00061549300000000005,0.0060077200000000002,0.0001
0.0022255600000000001,6.61739e-05,0.0060266299999999998,0.0001
0.0023422299999999998,0.00017965799999999999,0.0059103999999999997,0.0001
0.0024382599999999998,0.00053128500000000005,0.0058419500000000003,0.0001
0.0027797999999999998,0.00037882500000000001,0.0057991500000000003,0.0001
0.0020498399999999998,0.00075141900000000002,0.0058543900000000001,0.0001
0.0022024599999999998,0.00062475900000000001,0.0058801699999999997,0.0001
0.00232534,0.00036622400000000001,0.0058402999999999997,0.0001
0.0027492300000000001,0.00018584299999999999,0.0057564599999999997,0.0001
0.0025061300000000001,0.00036456100000000001,0.0057547900000000001,0.0001
0.0026378999999999999,0.00051974900000000001,0.0058010500000000003,0.0001
0.0028283100000000001,0.00057003000000000002,0.0057661600000000002,0.0001
0.0025065399999999998,0.00090824700000000005,0.0066647599999999996,0.00050000000000000001
0.0022368900000000001,0.00046237600000000002,0.0059917399999999997,0.0001
0.00020206400000000001,0.0010613199999999999,0.0057993699999999999,0.00050000000000000001
8.4459499999999993e-05,0.00156924,0.0066744899999999999,0.00050000000000000001
0.000910468,0.00192571,0.0061531900000000002,0.00050000000000000001
0.00093433800000000005,0.00106993,0.0066673699999999997,0.00050000000000000001
0.00033879599999999999,0.00103012,0.0066061799999999997,0.0001
0.00067937599999999998,0.0016098099999999999,0.0066079499999999996,0.0001
0.00123,0.0015692799999999999,0.0065149400000000003,0.0001
0.00191756,0.00184136,0.00668265,0.0001
0.00151191,0.00177973,0.00669317,0.0001
0.0018737599999999999,0.0010862300000000001,0.0057954199999999999,0.0001
0.0013893099999999999,0.0018412700000000001,0.0065047400000000002,0.0001
0.00197466,0.0016752,0.0067782199999999997,0.0001
0.0013482800000000001,0.00168698,0.0066252000000000004,0.0001
0.0017615199999999999,0.00143172,0.0062729600000000002,0.00050000000000000001
0.0021867100000000001,0.00141493,0.0066959699999999999,0.0001
0.0025125,0.00191811,0.0066699300000000001,0.00050000000000000001
